{"schemaVersion":"1.0","appDefinitionTemplate":{"id":"/providers/Microsoft.PowerApps/apps/","type":"Microsoft.PowerApps/apps","tags":{"minimumRequiredApiVersion":"2.2.0"},"properties":{"appVersion":"2019-03-21T19:18:40Z","lifeCycleId":"Published","createdByClientVersion":{"major":3,"minor":19032,"build":13,"revision":0,"majorRevision":0,"minorRevision":0},"minClientVersion":{"major":3,"minor":19032,"build":13,"revision":0,"majorRevision":0,"minorRevision":0},"backgroundColor":"rgba(0, 176, 240, 1)","backgroundImageUri":"/17632680391048361848/N2fcb65c5-19c0-41ed-a8e0-d99fb3d78ada-logoSmallFile","displayName":"Clippy","description":"","appUris":{"documentUri":{"value":"/17632680391048361848/N6f8b1e0d-211f-406c-8d20-ecbb40399db7-document.msapp","readonlyValue":"/17632680391048361848/N6f8b1e0d-211f-406c-8d20-ecbb40399db7-document.msapp"},"imageUris":[]},"createdTime":"0001-01-01T00:00:00Z","lastModifiedTime":"0001-01-01T00:00:00Z","sharedGroupsCount":0,"sharedUsersCount":0,"icons":{"smallIconUri":"/17632680391048361848/N4af9cd97-52b9-40a4-b92d-fff7a14f1649-small.png","mediumIconUri":"/17632680391048361848/Nf67a74c9-c8e4-4f50-8350-421407b92f1f-medium.png","largeIconUri":"/17632680391048361848/N3655b72d-b3a5-4261-9a49-abc0b13c79f3-large.png","wideIconUri":"/17632680391048361848/N58448cda-c633-4e55-8501-6d80654003a6-wide.png"},"connectionReferences":{},"almMode":"Environment"}}}