{"schemaVersion":"1.0","appDefinitionTemplate":{"id":"/providers/Microsoft.PowerApps/apps/","type":"Microsoft.PowerApps/apps","tags":{"minimumRequiredApiVersion":"2.2.0"},"properties":{"appVersion":"2018-08-25T03:01:21Z","lifeCycleId":"Published","createdByClientVersion":{"major":3,"minor":18082,"build":42,"revision":0,"majorRevision":0,"minorRevision":0},"minClientVersion":{"major":3,"minor":18082,"build":42,"revision":0,"majorRevision":0,"minorRevision":0},"backgroundColor":"rgba(0, 176, 240, 1)","backgroundImageUri":"/9059012856412680918/N61266261-36b2-42fb-a57c-b99ae0c7d5a5-logoSmallFile","displayName":"AppyBird","description":"","appUris":{"documentUri":{"value":"/9059012856412680918/Nd58a0b81-e8e0-494a-ab33-c1197b33d180-document.msapp","readonlyValue":"/9059012856412680918/Nd58a0b81-e8e0-494a-ab33-c1197b33d180-document.msapp"},"imageUris":[]},"createdTime":"0001-01-01T00:00:00Z","lastModifiedTime":"0001-01-01T00:00:00Z","sharedGroupsCount":0,"sharedUsersCount":0,"icons":{"smallIconUri":"/9059012856412680918/Na5ebec67-69e4-4288-9687-b0f683af9984-small.png","mediumIconUri":"/9059012856412680918/N0317a1e3-a3e1-4d14-afca-68e09581e8e9-medium.png","largeIconUri":"/9059012856412680918/N218ce890-b110-43fd-a771-61af667d2a46-large.png","wideIconUri":"/9059012856412680918/N401ae3f3-53e5-482a-b05a-c7686daab69d-wide.png"},"connectionReferences":{}}}}