{"schemaVersion":"1.0","appDefinitionTemplate":{"id":"/providers/Microsoft.PowerApps/apps/","type":"Microsoft.PowerApps/apps","tags":{"primaryDeviceWidth":"1366","primaryDeviceHeight":"768","sienaVersion":"20200706T182207Z-3.20063.13.0","deviceCapabilities":"","supportsPortrait":"false","supportsLandscape":"true","primaryFormFactor":"Tablet","publisherVersion":"3.20063.13","minimumRequiredApiVersion":"2.2.0","hasComponent":"true","hasUnlockedComponent":"true","isUnifiedRootApp":"false"},"properties":{"appVersion":"2020-07-06T18:22:07Z","lifeCycleId":"Published","createdByClientVersion":{"major":3,"minor":20063,"build":13,"revision":0,"majorRevision":0,"minorRevision":0},"minClientVersion":{"major":3,"minor":20063,"build":13,"revision":0,"majorRevision":0,"minorRevision":0},"backgroundColor":"rgba(165, 34, 55, 1)","backgroundImageUri":"/4324469725797555149/N3e71b413-f4b2-4962-845e-fa2a0fe5aea2-logoSmallFile","displayName":"Occupancy Tracker","description":"This app allows you to easily enforce social distancing by allowing users to clock in and out of a space.  If your space has reached the maximum allowed occupancy then it will display a message to users asking them to wait to enter.","commitMessage":"","appUris":{"documentUri":{"value":"/4324469725797555149/N4432ee78-b1d7-48a8-bc27-6a23e7f3e567-document.msapp","readonlyValue":"/4324469725797555149/N4432ee78-b1d7-48a8-bc27-6a23e7f3e567-document.msapp"},"imageUris":[]},"createdTime":"0001-01-01T00:00:00Z","lastModifiedTime":"0001-01-01T00:00:00Z","sharedGroupsCount":0,"sharedUsersCount":0,"icons":{"smallIconUri":"/4324469725797555149/Na2c77643-b21d-4d89-817e-2fa0fe85f503-small.png","mediumIconUri":"/4324469725797555149/Nc6aa88d5-cf95-4de0-a138-48561ee14a6d-medium.png","largeIconUri":"/4324469725797555149/Nc34ca1f2-cd5b-4250-b5a2-4f96c6ebc6da-large.png","wideIconUri":"/4324469725797555149/N8ba07c52-c44e-4f78-8676-08475b83b783-wide.png"},"connectionReferences":{"5e39db4c-4d86-4ddb-be9d-9c9cb196d4c7":{"id":"5c828ec7-ea9f-4229-a37e-b3336d2721b8","displayName":"SharePoint","iconUri":"https://connectoricons-prod.azureedge.net/sharepointonline/icon_1.0.1363.2042.png","dataSources":["Room Occupancy Tracking","Check In Questions","Check In Admins"],"dependencies":[],"dependents":[],"parameterHints":{},"isOnPremiseConnection":false,"bypassConsent":false,"dataSets":{"https://axecapitalcorp.sharepoint.com/sites/CrisisInformation":{"dataSources":{"Room Occupancy Tracking":{"tableName":"8d13471f-3043-46a2-9b7a-ec9bda3f223e"},"Check In Questions":{"tableName":"7667933c-c0ac-4144-b185-fdfdc012174e"},"Check In Admins":{"tableName":"0b628389-eaa2-4c5b-9f39-56c670775e28"}}}},"apiTier":"Standard","isCustomApiConnection":false},"7cd80807-0e4d-47e9-bcf0-5bd14db0d0c1":{"id":"56e2170d-a356-4a1c-b855-48e1b0528d88","displayName":"Office 365 Outlook","iconUri":"https://connectoricons-prod.azureedge.net/office365/icon_1.0.1363.2042.png","dataSources":["Office365Outlook"],"dependencies":[],"dependents":[],"parameterHints":{},"isOnPremiseConnection":false,"bypassConsent":false,"dataSets":{},"apiTier":"Standard","isCustomApiConnection":false},"7821b53a-ad56-487e-a79c-b5c8dfcfb9ae":{"id":"43f52455-a638-4f16-9b12-d894e71b23ae","displayName":"Office 365 Users","iconUri":"https://connectoricons-prod.azureedge.net/office365users/icon_1.0.1357.2029.png","dataSources":["Office365Users"],"dependencies":[],"dependents":[],"parameterHints":{},"isOnPremiseConnection":false,"bypassConsent":false,"dataSets":{},"apiTier":"Standard","isCustomApiConnection":false}},"databaseReferences":{},"almMode":"Environment","performanceOptimizationEnabled":true,"canConsumeAppPass":true},"isAppComponentLibrary":false,"appType":"ClassicCanvasApp","appComponents":[]}}