{"schemaVersion":"1.0","appDefinitionTemplate":{"id":"/providers/Microsoft.PowerApps/apps/","type":"Microsoft.PowerApps/apps","tags":{"minimumRequiredApiVersion":"2.2.0"},"properties":{"appVersion":"2018-08-02T21:51:25Z","lifeCycleId":"Published","createdByClientVersion":{"major":3,"minor":18074,"build":16,"revision":0,"majorRevision":0,"minorRevision":0},"minClientVersion":{"major":3,"minor":18074,"build":16,"revision":0,"majorRevision":0,"minorRevision":0},"backgroundColor":"rgba(81, 92, 107, 1)","backgroundImageUri":"/12345503383085114825/Nda55318c-2865-4ec1-a715-a71220cdf6be-logoSmallFile","displayName":"Magic8Ball","description":"Ask the Magic 8 Ball","appUris":{"documentUri":{"value":"/12345503383085114825/N89e02437-f006-4a32-90f7-1e25006e846b-document.msapp","readonlyValue":"/12345503383085114825/N89e02437-f006-4a32-90f7-1e25006e846b-document.msapp"},"imageUris":[]},"createdTime":"0001-01-01T00:00:00Z","lastModifiedTime":"0001-01-01T00:00:00Z","sharedGroupsCount":0,"sharedUsersCount":0,"icons":{"smallIconUri":"/12345503383085114825/N89b7ba79-3664-41da-8a2d-5f38880f52d5-small.png","mediumIconUri":"/12345503383085114825/Nee7ca9ab-2786-4bbd-a558-a411326cd0fb-medium.png","largeIconUri":"/12345503383085114825/Ncd2a2228-188a-4751-ae91-c333ab9edbe3-large.png","wideIconUri":"/12345503383085114825/N3c35a224-2148-4ca9-a5de-de28c5dcdd48-wide.png"},"connectionReferences":{"c1484c51-5010-407c-8435-cf3ea84c4e36":{"id":"52e9e57d-a1a3-4b21-abe1-dc8ad94e776f","displayName":"Logic flows","iconUri":"https://resourcestackdeploy.blob.core.windows.net/scripts/13276078.png","dataSources":["Magic8Ball"],"dependencies":["c99fedc7-20da-4f8d-9721-68cc2c1cf8cf"],"dependents":[],"parameterHints":{"workflowName":{"value":"3568e1c6-4073-4965-a8eb-fb664339abac"},"c99fedc7-20da-4f8d-9721-68cc2c1cf8cf":{"value":"shared_sharepointonline"}},"isOnPremiseConnection":false,"bypassConsent":false,"dataSets":{},"apiTier":"Standard"},"c99fedc7-20da-4f8d-9721-68cc2c1cf8cf":{"id":"c9433507-e0a9-4ec3-9840-1dffe871d960","displayName":"SharePoint","iconUri":"https://connectoricons-prod.azureedge.net/sharepointonline/icon_1.0.1019.1195.png","dataSources":[],"dependencies":[],"dependents":["c1484c51-5010-407c-8435-cf3ea84c4e36"],"parameterHints":{},"isOnPremiseConnection":false,"bypassConsent":false,"dataSets":{},"apiTier":"Standard"},"29241d26-2257-4d47-8469-005adbbba5c4":{"id":"9be3985e-f131-4754-bf0c-ed9b7966fc16","displayName":"Microsoft Translator","iconUri":"https://az818438.vo.msecnd.net/icons/microsofttranslator.png","dataSources":["MicrosoftTranslator"],"dependencies":[],"dependents":[],"parameterHints":{},"isOnPremiseConnection":false,"bypassConsent":false,"dataSets":{},"apiTier":"Standard"}}}}}