{"schemaVersion":"1.0","appDefinitionTemplate":{"id":"/providers/Microsoft.PowerApps/apps/","type":"Microsoft.PowerApps/apps","tags":{"primaryDeviceWidth":"640","primaryDeviceHeight":"1136","supportsPortrait":"true","supportsLandscape":"true","primaryFormFactor":"Phone","publisherVersion":"3.22121.19","minimumRequiredApiVersion":"2.2.0","hasComponent":"false","hasUnlockedComponent":"false","isUnifiedRootApp":"false","sienaVersion":"20221229T054319Z-3.22121.19.0"},"properties":{"appVersion":"2022-12-29T05:43:19Z","lifeCycleId":"Published","createdByClientVersion":{"major":3,"minor":22121,"build":19,"revision":0,"majorRevision":0,"minorRevision":0},"minClientVersion":{"major":3,"minor":22121,"build":19,"revision":0,"majorRevision":0,"minorRevision":0},"backgroundColor":"rgba(255, 106, 197, 1)","backgroundImageUri":"/7458936230097764744/N7506104f-e653-472b-b378-9a90d79364a9-logoSmallFile","displayName":"Power Platform Wrapped","description":"Get a personalized end of the year wrap up overview of your Power Platform Maker experience with a little help from the Center of Excellence Toolkit","commitMessage":"","appUris":{"documentUri":{"value":"/7458936230097764744/N9c8a5b48-091a-41e4-9e8e-790dda60348e-document.msapp"},"imageUris":[],"additionalUris":[]},"createdTime":"0001-01-01T00:00:00Z","lastModifiedTime":"0001-01-01T00:00:00Z","sharedGroupsCount":0,"sharedUsersCount":0,"icons":{"smallIconUri":"/7458936230097764744/N39127e2c-64b7-4c80-83ac-30929553b6d8-small.png","mediumIconUri":"/7458936230097764744/Nd718e81e-9d5a-40d4-afd2-81969eacc4b5-medium.png","largeIconUri":"/7458936230097764744/Nc57d2a4d-3123-48b0-accb-2f637a2d3d13-large.png","wideIconUri":"/7458936230097764744/N1bd5b14b-e413-4e8c-bb89-90ef62d4c17c-wide.png"},"connectionReferences":{},"databaseReferences":{"default.cds":{"databaseDetails":{"referenceType":"Environmental","environmentName":"default.cds","overrideValues":{"status":"NotSpecified"}},"dataSources":{"Makers":{"entitySetName":"admin_makers","logicalName":"admin_maker"},"PowerApps Apps":{"entitySetName":"admin_apps","logicalName":"admin_app"},"Flows_1":{"entitySetName":"admin_flows","logicalName":"admin_flow"},"PVA Bots":{"entitySetName":"admin_pvas","logicalName":"admin_pva"},"Power Pages Sites":{"entitySetName":"admin_portals","logicalName":"admin_portal"},"Power Platform Solutions":{"entitySetName":"admin_solutions","logicalName":"admin_solution"},"Desktop flows":{"entitySetName":"admin_rpas","logicalName":"admin_rpa"},"PowerApps Connectors":{"entitySetName":"admin_connectors","logicalName":"admin_connector"}},"actions":["providers/PowerPlatform.Governance/Operations/Read"]}},"almMode":"Environment","performanceOptimizationEnabled":true,"canConsumeAppPass":true,"enableModernRuntimeMode":false,"executionRestrictions":{"isTeamsOnly":false,"dataLossPreventionEvaluationResult":{"status":"Compliant","lastEvaluationDate":"2022-12-28T21:53:26.180098Z","violations":[],"violationsByPolicy":[],"violationErrorMessage":"The app uses the following connectors: ."}}},"appType":"ClassicCanvasApp","appComponents":[]}}