{"schemaVersion":"1.0","appDefinitionTemplate":{"id":"/providers/Microsoft.PowerApps/apps/","type":"Microsoft.PowerApps/apps","tags":{"primaryDeviceWidth":"1366","primaryDeviceHeight":"768","sienaVersion":"655411d5-e904-42a4-b85b-abc0198d7067","deviceCapabilities":"","supportsPortrait":"false","supportsLandscape":"true","primaryFormFactor":"Tablet","publisherVersion":"3.20072.20","minimumRequiredApiVersion":"2.2.0","hasComponent":"false","hasNonOOBComponent":"false","hasUnlockedComponent":"false","isUnifiedRootApp":"false"},"properties":{"appVersion":"2020-08-05T02:41:36Z","lifeCycleId":"Published","createdByClientVersion":{"major":3,"minor":20072,"build":20,"revision":0,"majorRevision":0,"minorRevision":0},"minClientVersion":{"major":3,"minor":20072,"build":20,"revision":0,"majorRevision":0,"minorRevision":0},"backgroundColor":"rgba(129, 42, 141, 1)","backgroundImageUri":"/4098938867210381010/Ne5aa0dc2-6345-4b15-894a-b6cbfc8294cb-logoSmallFile","displayName":"YouTubeDemoApp","description":"","commitMessage":"","appUris":{"documentUri":{"value":"/4098938867210381010/Nb8832363-cc9c-4956-8170-b0e233bdff99-document.msapp","readonlyValue":"/4098938867210381010/Nb8832363-cc9c-4956-8170-b0e233bdff99-document.msapp"},"imageUris":[]},"createdTime":"0001-01-01T00:00:00Z","lastModifiedTime":"0001-01-01T00:00:00Z","sharedGroupsCount":0,"sharedUsersCount":0,"icons":{"smallIconUri":"/4098938867210381010/Na3c2bb45-6fb2-4aac-9e60-c9e73782a23a-small.png","mediumIconUri":"/4098938867210381010/N80ce7d18-6baf-4f14-8d7d-d9ead6dbdfbc-medium.png","largeIconUri":"/4098938867210381010/N28a0ad5b-71eb-42da-b56b-139bb6335372-large.png","wideIconUri":"/4098938867210381010/Nb82abfe4-6fc7-4ef5-aebf-74d9aa366dc7-wide.png"},"connectionReferences":{},"databaseReferences":{},"almMode":"Environment"},"isAppComponentLibrary":false,"appType":"ClassicCanvasApp","appComponents":[]}}