{"schemaVersion":"1.0","appDefinitionTemplate":{"id":"/providers/Microsoft.PowerApps/apps/","type":"Microsoft.PowerApps/apps","tags":{"minimumRequiredApiVersion":"2.2.0"},"properties":{"appVersion":"2019-06-09T05:46:34Z","lifeCycleId":"Published","createdByClientVersion":{"major":3,"minor":19054,"build":15,"revision":0,"majorRevision":0,"minorRevision":0},"minClientVersion":{"major":3,"minor":19054,"build":15,"revision":0,"majorRevision":0,"minorRevision":0},"backgroundColor":"rgba(0, 176, 240, 1)","backgroundImageUri":"/2461226793718171036/Nd5679c11-e450-4c5e-92d3-1923940fe028-logoSmallFile","displayName":"QuickTipsBizAppsNoURLs","description":"","appUris":{"documentUri":{"value":"/2461226793718171036/N9ed656b5-89b4-4e08-a97b-b103a528ac9f-document.msapp","readonlyValue":"/2461226793718171036/N9ed656b5-89b4-4e08-a97b-b103a528ac9f-document.msapp"},"imageUris":[]},"createdTime":"0001-01-01T00:00:00Z","lastModifiedTime":"0001-01-01T00:00:00Z","sharedGroupsCount":0,"sharedUsersCount":0,"icons":{"smallIconUri":"/2461226793718171036/Ncb824a7b-7021-40be-8ab4-3fbacff3bdf9-small.png","mediumIconUri":"/2461226793718171036/Nbdd9ff10-8357-4a9a-a9fb-f677474a6e21-medium.png","largeIconUri":"/2461226793718171036/Nb8f81ee2-e8e9-4cf8-9ea8-ad80e511a6b9-large.png","wideIconUri":"/2461226793718171036/N56067f32-7442-4706-8403-89bd8984a6cf-wide.png"},"connectionReferences":{},"almMode":"Environment"}}}