{"schemaVersion":"1.0","appDefinitionTemplate":{"id":"/providers/Microsoft.PowerApps/apps/","type":"Microsoft.PowerApps/apps","tags":{"primaryDeviceWidth":"640","primaryDeviceHeight":"1136","supportsPortrait":"true","supportsLandscape":"false","primaryFormFactor":"Phone","publisherVersion":"3.22121.19","minimumRequiredApiVersion":"2.2.0","hasComponent":"true","hasUnlockedComponent":"true","isUnifiedRootApp":"false","sienaVersion":"20230101T053834Z-3.22121.19.0"},"properties":{"appVersion":"2023-01-01T05:38:34Z","lifeCycleId":"Published","createdByClientVersion":{"major":3,"minor":22121,"build":19,"revision":0,"majorRevision":0,"minorRevision":0},"minClientVersion":{"major":3,"minor":22121,"build":19,"revision":0,"majorRevision":0,"minorRevision":0},"backgroundColor":"rgba(142, 140, 216, 1)","backgroundImageUri":"/8014912542290112045/N6489dd16-1d87-47c2-8279-7b2f044586ec-logoSmallFile","displayName":"Desk Booking 2023","description":"Power App template for desk booking/hoteling","commitMessage":"","appUris":{"documentUri":{"value":"/8014912542290112045/N5571c293-feb9-4cbb-9c77-35c916535f75-document.msapp"},"imageUris":[],"additionalUris":[]},"createdTime":"0001-01-01T00:00:00Z","lastModifiedTime":"0001-01-01T00:00:00Z","sharedGroupsCount":0,"sharedUsersCount":0,"icons":{"smallIconUri":"/8014912542290112045/N09707f63-630e-4d3c-929a-2380714a09b1-small.png","mediumIconUri":"/8014912542290112045/N6587cff1-32e0-4015-9b78-85ffd4b7b7fd-medium.png","largeIconUri":"/8014912542290112045/N4f2d935b-2dd0-43e4-9e16-8208d0cb43d2-large.png","wideIconUri":"/8014912542290112045/N33a29f7e-6ce9-4e43-b0fc-d88aebb83ea2-wide.png"},"connectionReferences":{"64852b16-4509-4d34-be4c-adfa1f496b3a":{"id":"7655b0f3-ffba-4577-80a5-3ffec520e64b","displayName":"Office 365 Users","iconUri":"https://connectoricons-prod.azureedge.net/releases/v1.0.1611/1.0.1611.3104/office365users/icon.png","dataSources":["Office365Users"],"dependencies":[],"dependents":[],"parameterHints":{},"parameterHintsV2":{},"isOnPremiseConnection":false,"bypassConsent":false,"dataSets":{},"apiTier":"Standard","isCustomApiConnection":false,"actions":["MyProfile","UserPhotoV2","SearchUser"]},"366ef963-df5e-475a-805f-b326dde4b0cc":{"id":"8c8711d0-8e5d-4817-a200-de14ab9379c6","displayName":"SharePoint","iconUri":"https://connectoricons-prod.azureedge.net/u/juanq/gateway/greyhound/3000.150.11/1.0.1613.3116/sharepointonline/icon.png","dataSources":["Desks","Desk Reservations","DeskAdmins"],"dependencies":[],"dependents":[],"parameterHints":{},"parameterHintsV2":{},"isOnPremiseConnection":false,"bypassConsent":false,"dataSets":{"https://axecapitalcorp.sharepoint.com/sites/HR":{"dataSources":{"Desks":{"tableName":"20bc2e78-8f00-481a-b2f7-337e42fcf873"},"Desk Reservations":{"tableName":"4168d1a6-f32b-409e-89c2-882d59569a30"},"DeskAdmins":{"tableName":"d0b91688-db4f-4d59-9a47-3fb5fbd4cf6c"}}}},"apiTier":"Standard","isCustomApiConnection":false,"actions":["providers/PowerPlatform.Governance/Operations/Read"]},"d80f322f-4d16-4bcc-b82a-4b3c90fdf730":{"id":"46e56af2-628d-47f9-8680-700b702e4ed5","displayName":"Office 365 Outlook","iconUri":"https://connectoricons-prod.azureedge.net/releases/v1.0.1613/1.0.1613.3125/office365/icon.png","dataSources":["Office365Outlook"],"dependencies":[],"dependents":[],"parameterHints":{},"parameterHintsV2":{},"isOnPremiseConnection":false,"bypassConsent":false,"dataSets":{},"apiTier":"Standard","isCustomApiConnection":false}},"databaseReferences":{},"almMode":"Solution","performanceOptimizationEnabled":true,"canConsumeAppPass":true,"enableModernRuntimeMode":false,"executionRestrictions":{"isTeamsOnly":false,"dataLossPreventionEvaluationResult":{"status":"Compliant","lastEvaluationDate":"2022-12-31T03:28:52.0742807Z","violations":[],"violationsByPolicy":[],"violationErrorMessage":"The app uses the following connectors: shared_office365users, shared_sharepointonline."}}},"appType":"ClassicCanvasApp","appComponents":[]}}