{"schemaVersion":"1.0","appDefinitionTemplate":{"id":"/providers/Microsoft.PowerApps/apps/","type":"Microsoft.PowerApps/apps","tags":{"minimumRequiredApiVersion":"2.2.0"},"properties":{"appVersion":"2019-01-03T05:33:20Z","lifeCycleId":"Published","createdByClientVersion":{"major":3,"minor":18114,"build":26,"revision":0,"majorRevision":0,"minorRevision":0},"minClientVersion":{"major":3,"minor":18114,"build":26,"revision":0,"majorRevision":0,"minorRevision":0},"backgroundColor":"rgba(165, 34, 55, 1)","backgroundImageUri":"/9243923243916508552/Nff2b72d3-fe3c-45f5-835a-1c3b9dbabcdb-logoSmallFile","displayName":"ResolutionKeeper","description":"","appUris":{"documentUri":{"value":"/9243923243916508552/N12157ed4-0dfd-429e-8d07-f3efa8872297-document.msapp","readonlyValue":"/9243923243916508552/N12157ed4-0dfd-429e-8d07-f3efa8872297-document.msapp"},"imageUris":[]},"createdTime":"0001-01-01T00:00:00Z","lastModifiedTime":"0001-01-01T00:00:00Z","sharedGroupsCount":0,"sharedUsersCount":0,"icons":{"smallIconUri":"/9243923243916508552/N0fc52b99-b932-4e28-bb92-c85eaff3c8be-small.png","mediumIconUri":"/9243923243916508552/Nf8c0ff4e-c6bb-4589-969c-eb72cf9fe2c7-medium.png","largeIconUri":"/9243923243916508552/Na3385304-f357-4011-8510-ac91a0b94e66-large.png","wideIconUri":"/9243923243916508552/N0f70ad4c-5cff-4d86-9cdf-3c6ac94d8933-wide.png"},"connectionReferences":{"ad6fc9a2-b77b-465b-8061-d2b79d39c263":{"id":"c9433507-e0a9-4ec3-9840-1dffe871d960","displayName":"SharePoint","iconUri":"https://connectoricons-prod.azureedge.net/sharepointonline/icon_1.0.1019.1195.png","dataSources":["Resolutions"],"dependencies":[],"dependents":[],"parameterHints":{},"isOnPremiseConnection":false,"bypassConsent":false,"dataSets":{"https://activeinetservices.sharepoint.com/sites/PowerAppsDemos":{"dataSources":{"Resolutions":{"tableName":"c731b420-140f-4110-82f6-f48ecbb114cd"}}}},"apiTier":"Standard","isCustomApiConnection":false}},"almMode":"Environment"}}}