{"name":"c84bc1ac-e378-4abb-8cfb-946677b587bd","id":"/providers/Microsoft.Flow/flows/c84bc1ac-e378-4abb-8cfb-946677b587bd","type":"Microsoft.Flow/flows","properties":{"apiId":"/providers/Microsoft.PowerApps/apis/shared_logicflows","displayName":"HalloweenHelper","definition":{"metadata":{"workflowEntityId":null,"creator":{"id":"902d4e3c-1184-4f3f-bae7-7fae94b33419","type":"User","tenantId":"1bfe8a0b-4429-450d-90d0-0ad3fe8c5a18"},"provisioningMethod":"FromDefinition","failureAlertSubscription":true,"clientLastModifiedTime":"2018-10-22T19:51:05.8956246Z"},"$schema":"https://schema.management.azure.com/providers/Microsoft.Logic/schemas/2016-06-01/workflowdefinition.json#","contentVersion":"1.0.0.0","parameters":{"$connections":{"defaultValue":{},"type":"Object"},"$authentication":{"defaultValue":{},"type":"SecureObject"}},"triggers":{"manual":{"type":"Request","kind":"PowerApp","inputs":{"schema":{"type":"object","required":["GetCostumes_FilterQuery","GetCostumes_FilterQuery_1"],"properties":{"GetCostumes_FilterQuery":{"type":"string","description":"An ODATA filter query to restrict the entries returned (e.g. stringColumn eq 'string' OR numberColumn lt 123).. This parameter is used as part of \"$filter\"","x-ms-powerflows-param-ispartial":true},"GetCostumes_FilterQuery_1":{"type":"string"}}}}}},"actions":{"Initialize_Costume_Variable":{"runAfter":{},"type":"InitializeVariable","inputs":{"variables":[{"name":"Costume","type":"String"}]}},"Initialize_Image_Variable":{"runAfter":{"Initialize_Costume_Variable":["Succeeded"]},"type":"InitializeVariable","inputs":{"variables":[{"name":"Image","type":"String"}]}},"GetCostumes":{"runAfter":{"Initialize_Image_Variable":["Succeeded"]},"metadata":{"flowSystemMetadata":{"swaggerOperationId":"GetItems"}},"type":"ApiConnection","inputs":{"host":{"api":{"runtimeUrl":"https://flow-apim-msmanaged-na-northcentralus-01.azure-apim.net/apim/sharepointonline"},"connection":{"name":"@json(decodeBase64(triggerOutputs().headers['X-MS-APIM-Tokens']))['$connections']['shared_sharepointonline']['connectionId']"}},"method":"get","path":"/datasets/@{encodeURIComponent(encodeURIComponent('https://activeinetservices.sharepoint.com/sites/PowerAppsDemos'))}/tables/@{encodeURIComponent(encodeURIComponent('a00aeae7-d2c0-4f49-a15e-7092aca6a7e7'))}/items","queries":{"$filter":"Column2 eq '@{triggerBody()['GetCostumes_FilterQuery']}' and Column3 eq '@{triggerBody()['GetCostumes_FilterQuery_1']}'"},"authentication":{"type":"Raw","value":"@json(decodeBase64(triggerOutputs().headers['X-MS-APIM-Tokens']))['$ConnectionKey']"}}},"GetRandom":{"runAfter":{"GetCostumes":["Succeeded"]},"type":"Compose","inputs":"@body('GetCostumes')?['value'][rand(0,length(body('GetCostumes')?['value']))]"},"Respond_to_PowerApps":{"runAfter":{"GetRandom":["Succeeded"]},"type":"Response","kind":"PowerApp","inputs":{"statusCode":200,"body":{"selectedcostume":"@{outputs('GetRandom')?['Title']}","selectedimage":"@{outputs('GetRandom')?['Column4']}"},"schema":{"type":"object","properties":{"selectedcostume":{"title":"SelectedCostume","type":"string","x-ms-dynamically-added":true},"selectedimage":{"title":"SelectedImage","type":"string","x-ms-dynamically-added":true}}}}}},"outputs":{}},"connectionReferences":{"shared_sharepointonline":{"connectionName":"7a5f29a6c4e81f9b3af9e6f0fdddf9f1","source":"Invoker","id":"/providers/Microsoft.PowerApps/apis/shared_sharepointonline","tier":"NotSpecified"}},"flowFailureAlertSubscribed":false}}