{"schemaVersion":"1.0","appDefinitionTemplate":{"id":"/providers/Microsoft.PowerApps/apps/","type":"Microsoft.PowerApps/apps","tags":{"primaryDeviceWidth":"1366","primaryDeviceHeight":"768","sienaVersion":"20200908T055023Z-3.20083.24.0","deviceCapabilities":"","supportsPortrait":"false","supportsLandscape":"true","primaryFormFactor":"Tablet","publisherVersion":"3.20083.24","minimumRequiredApiVersion":"2.2.0","hasComponent":"true","hasUnlockedComponent":"true","isUnifiedRootApp":"false"},"properties":{"appVersion":"2020-09-08T05:50:23Z","lifeCycleId":"Published","createdByClientVersion":{"major":3,"minor":20083,"build":24,"revision":0,"majorRevision":0,"minorRevision":0},"minClientVersion":{"major":3,"minor":20083,"build":24,"revision":0,"majorRevision":0,"minorRevision":0},"backgroundColor":"rgba(165, 34, 55, 1)","backgroundImageUri":"/5781464445368712318/N7eb955f5-9983-4e89-a3d3-5f2478c3f82a-logoSmallFile","displayName":"Timesheet V2","description":"","commitMessage":"","appUris":{"documentUri":{"value":"/5781464445368712318/N1fe794b5-484f-4adc-997c-630c04354468-document.msapp","readonlyValue":"/5781464445368712318/N1fe794b5-484f-4adc-997c-630c04354468-document.msapp"},"imageUris":[]},"createdTime":"0001-01-01T00:00:00Z","lastModifiedTime":"0001-01-01T00:00:00Z","sharedGroupsCount":0,"sharedUsersCount":0,"icons":{"smallIconUri":"/5781464445368712318/N63cf1969-e834-46b3-8355-8e68ffffaaa9-small.png","mediumIconUri":"/5781464445368712318/N013a0f16-7efe-4151-bac4-af01a151bd9b-medium.png","largeIconUri":"/5781464445368712318/Na3b8cdd2-dac9-4e6b-8be1-9853d299e3e6-large.png","wideIconUri":"/5781464445368712318/Nb39059df-af85-4879-bac0-7b5643849418-wide.png"},"connectionReferences":{"ca71a6a8-8888-4aa3-aa3e-b54c9b2a83b6":{"id":"5c828ec7-ea9f-4229-a37e-b3336d2721b8","displayName":"SharePoint","iconUri":"https://connectoricons-prod.azureedge.net/releases/v1.0.1389/1.0.1389.2117/sharepointonline/icon.png","dataSources":["TimeEntries","BillTo"],"dependencies":[],"dependents":[],"parameterHints":{},"isOnPremiseConnection":false,"bypassConsent":false,"dataSets":{"https://axecapitalcorp.sharepoint.com/sites/HR":{"dataSources":{"TimeEntries":{"tableName":"514d240d-d49b-40ad-ac44-09e8f2456425"},"BillTo":{"tableName":"a8b7681a-1b0b-4870-b9c8-030d41a3c1a6"}}}},"apiTier":"Standard","isCustomApiConnection":false},"223bcc83-f2e2-4a48-b628-9bf13645a9e6":{"id":"43f52455-a638-4f16-9b12-d894e71b23ae","displayName":"Office 365 Users","iconUri":"https://connectoricons-prod.azureedge.net/releases/v1.0.1385/1.0.1385.2110/office365users/icon.png","dataSources":["Office365Users"],"dependencies":[],"dependents":[],"parameterHints":{},"isOnPremiseConnection":false,"bypassConsent":false,"dataSets":{},"apiTier":"Standard","isCustomApiConnection":false}},"databaseReferences":{},"almMode":"Environment","performanceOptimizationEnabled":true,"canConsumeAppPass":true},"isAppComponentLibrary":false,"appType":"ClassicCanvasApp","appComponents":[]}}