{"schemaVersion":"1.0","appDefinitionTemplate":{"id":"/providers/Microsoft.PowerApps/apps/","type":"Microsoft.PowerApps/apps","tags":{"primaryDeviceWidth":"1366","primaryDeviceHeight":"768","sienaVersion":"20200720T195038Z-3.20065.16.0","deviceCapabilities":"","supportsPortrait":"false","supportsLandscape":"true","primaryFormFactor":"Tablet","publisherVersion":"3.20065.16","minimumRequiredApiVersion":"2.2.0","hasComponent":"true","hasUnlockedComponent":"true","isUnifiedRootApp":"false"},"properties":{"appVersion":"2020-07-20T19:50:38Z","lifeCycleId":"Published","createdByClientVersion":{"major":3,"minor":20065,"build":16,"revision":0,"majorRevision":0,"minorRevision":0},"minClientVersion":{"major":3,"minor":20065,"build":16,"revision":0,"majorRevision":0,"minorRevision":0},"backgroundColor":"rgba(0, 176, 240, 1)","backgroundImageUri":"/10172391713962417821/N1a7e6da3-96f3-467d-8402-5d32c0d57be7-logoSmallFile","displayName":"TIME SHEET","description":"","commitMessage":"","appUris":{"documentUri":{"value":"/10172391713962417821/N6d12bdb9-913b-4cef-ba0d-ed30174c3f4e-document.msapp","readonlyValue":"/10172391713962417821/N6d12bdb9-913b-4cef-ba0d-ed30174c3f4e-document.msapp"},"imageUris":[]},"createdTime":"0001-01-01T00:00:00Z","lastModifiedTime":"0001-01-01T00:00:00Z","sharedGroupsCount":0,"sharedUsersCount":0,"icons":{"smallIconUri":"/10172391713962417821/N8b883dce-a7c0-4f82-a1c9-b2ce4c3eef61-small.png","mediumIconUri":"/10172391713962417821/N34228a28-6189-4373-90dd-7b579be6e168-medium.png","largeIconUri":"/10172391713962417821/N56ce60cd-c333-43b8-88cd-10483f1b352b-large.png","wideIconUri":"/10172391713962417821/N8cec990e-33e8-436a-b49f-536798d01082-wide.png"},"connectionReferences":{"ca71a6a8-8888-4aa3-aa3e-b54c9b2a83b6":{"id":"c52fc387-b9db-411d-ad2e-a32d2e0ade2e","displayName":"SharePoint","iconUri":"https://connectoricons-prod.azureedge.net/sharepointonline/icon_1.0.1363.2042.png","dataSources":["Employees","Job Sites","Timesheet Entries"],"dependencies":[],"dependents":[],"parameterHints":{},"isOnPremiseConnection":false,"bypassConsent":false,"dataSets":{"https://patronissteel.sharepoint.com/sites/Timesheet":{"dataSources":{"Employees":{"tableName":"6fee78f8-feb5-4aeb-83fd-9c9a537b041c"},"Job Sites":{"tableName":"90af4562-9198-4379-aeb7-bde96ffb89d9"},"Timesheet Entries":{"tableName":"3db7fd61-8cd0-4d0a-9594-a3ad0ec997d9"}}}},"apiTier":"Standard","isCustomApiConnection":false},"a0d38b8a-3036-4a53-9d31-14e55d2fed6f":{"id":"51e3e54f-5e0d-4030-8f55-c8bf2c8b4037","displayName":"Office 365 Outlook","iconUri":"https://connectoricons-prod.azureedge.net/office365/icon_1.0.1363.2042.png","dataSources":["Office365Outlook"],"dependencies":[],"dependents":[],"parameterHints":{},"isOnPremiseConnection":false,"bypassConsent":false,"dataSets":{},"apiTier":"Standard","isCustomApiConnection":false},"c14235e1-142e-4e8c-b9c6-34b8569985de":{"id":"aa69914c-4e3d-4965-9eb4-82b60762e4d3","displayName":"Office 365 Users","iconUri":"https://connectoricons-prod.azureedge.net/office365users/icon_1.0.1357.2029.png","dataSources":["Office365Users"],"dependencies":[],"dependents":[],"parameterHints":{},"isOnPremiseConnection":false,"bypassConsent":false,"dataSets":{},"apiTier":"Standard","isCustomApiConnection":false}},"databaseReferences":{},"almMode":"Environment","performanceOptimizationEnabled":true,"canConsumeAppPass":true},"isAppComponentLibrary":false,"appType":"ClassicCanvasApp","appComponents":[]}}