{
  "properties": {
    "connectionReferences": {
      "shared_powerplatformforadmins": {
        "runtimeSource": "invoker",
        "connection": {},
        "api": {
          "name": "shared_powerplatformforadmins"
        }
      },
      "shared_powerappsforadmins": {
        "runtimeSource": "invoker",
        "connection": {},
        "api": {
          "name": "shared_powerappsforadmins"
        }
      },
      "shared_office365": {
        "runtimeSource": "invoker",
        "connection": {},
        "api": {
          "name": "shared_office365"
        }
      },
      "shared_office365users": {
        "runtimeSource": "invoker",
        "connection": {},
        "api": {
          "name": "shared_office365users"
        }
      }
    },
    "definition": {
      "$schema": "https://schema.management.azure.com/providers/Microsoft.Logic/schemas/2016-06-01/workflowdefinition.json#",
      "contentVersion": "1.0.0.0",
      "parameters": {
        "$connections": {
          "defaultValue": {},
          "type": "Object"
        },
        "$authentication": {
          "defaultValue": {},
          "type": "SecureObject"
        }
      },
      "triggers": {
        "manual": {
          "metadata": {
            "operationMetadataId": "277e31d0-1873-46d8-a521-188b51e69a0e"
          },
          "type": "Request",
          "kind": "PowerAppV2",
          "inputs": {
            "schema": {
              "type": "object",
              "properties": {
                "text": {
                  "title": "email",
                  "type": "string",
                  "x-ms-dynamically-added": true,
                  "description": "Please enter your input",
                  "x-ms-content-hint": "TEXT"
                }
              },
              "required": [
                "text"
              ]
            }
          }
        }
      },
      "actions": {
        "List_Environments_as_Admin": {
          "runAfter": {
            "Initialize_total_makers_variable": [
              "Succeeded"
            ]
          },
          "metadata": {
            "operationMetadataId": "a6779d2a-bc6d-48c3-80a6-2d21c910551d"
          },
          "type": "OpenApiConnection",
          "inputs": {
            "host": {
              "apiId": "/providers/Microsoft.PowerApps/apis/shared_powerplatformforadmins",
              "connectionName": "shared_powerplatformforadmins",
              "operationId": "Get-AdminEnvironment"
            },
            "parameters": {
              "api-version": "2018-10-01"
            },
            "authentication": {
              "value": "@json(decodeBase64(triggerOutputs().headers['X-MS-APIM-Tokens']))['$ConnectionKey']",
              "type": "Raw"
            }
          }
        },
        "Loop_Through_Environments": {
          "foreach": "@outputs('List_Environments_as_Admin')?['body/value']",
          "actions": {
            "Get_Apps_as_Admin": {
              "runAfter": {},
              "metadata": {
                "operationMetadataId": "5863b274-6ae3-4b22-bfa6-2284b0f826c1"
              },
              "type": "OpenApiConnection",
              "inputs": {
                "host": {
                  "apiId": "/providers/Microsoft.PowerApps/apis/shared_powerappsforadmins",
                  "connectionName": "shared_powerappsforadmins",
                  "operationId": "Get-AdminApps"
                },
                "parameters": {
                  "environment": "@items('Loop_Through_Environments')?['name']",
                  "api-version": "2016-11-01",
                  "$top": 250
                },
                "retryPolicy": {
                  "type": "none"
                },
                "authentication": {
                  "value": "@json(decodeBase64(triggerOutputs().headers['X-MS-APIM-Tokens']))['$ConnectionKey']",
                  "type": "Raw"
                }
              }
            },
            "Loop_through_Apps": {
              "foreach": "@outputs('Get_Apps_as_Admin')?['body/value']",
              "actions": {
                "Append_to_apps_array_variable": {
                  "runAfter": {
                    "Increment_app_count_variable": [
                      "Succeeded"
                    ]
                  },
                  "metadata": {
                    "operationMetadataId": "1e38f20a-257c-4239-9f54-fdc21bad7feb"
                  },
                  "type": "AppendToArrayVariable",
                  "inputs": {
                    "name": "varApps",
                    "value": {
                      "AppName": "@items('Loop_through_Apps')?['properties/displayName']",
                      "ID": "@items('Loop_through_Apps')?['properties/appUris/documentUri/value']",
                      "environmentName": "@items('Loop_through_Apps')?['properties/environment/name']",
                      "SharedWithCount": "@items('Loop_through_Apps')?['properties/sharedUsersCount']",
                      "FormFactor": "@items('Loop_through_Apps')?['tags/primaryFormFactor']",
                      "CreatedBy": "@items('Loop_through_Apps')?['properties/createdBy']?['email']",
                      "CreatedTime": "@items('Loop_through_Apps')?['properties/createdTime']",
                      "UsesComponents": "@items('Loop_through_Apps')?['tags']?['hasComponent']",
                      "AppType": "@items('Loop_through_Apps')?['type']"
                    }
                  }
                },
                "Increment_app_count_variable": {
                  "runAfter": {},
                  "metadata": {
                    "operationMetadataId": "d243c26a-b463-4764-936a-e638b7e413ed"
                  },
                  "type": "IncrementVariable",
                  "inputs": {
                    "name": "varAppCount",
                    "value": 1
                  }
                },
                "Condition": {
                  "actions": {},
                  "runAfter": {
                    "ConnectionReferences": [
                      "Succeeded"
                    ]
                  },
                  "else": {
                    "actions": {
                      "Apply_to_each": {
                        "foreach": "@items('Loop_through_Apps')?['properties/connectionReferences']",
                        "actions": {
                          "Append_to_array_variable": {
                            "runAfter": {},
                            "metadata": {
                              "operationMetadataId": "86f982dc-119e-4703-91b9-eb22af285a94"
                            },
                            "type": "AppendToArrayVariable",
                            "inputs": {
                              "name": "varConnectorsUsed",
                              "value": {
                                "displayName": "@item()?['displayName']",
                                "CreatedBy": "@items('Loop_through_Apps')?['properties/createdBy']?['email']",
                                "CreatedTime": "@items('Loop_through_Apps')?['properties/createdTime']"
                              }
                            }
                          }
                        },
                        "runAfter": {},
                        "metadata": {
                          "operationMetadataId": "03feade1-cce5-41e3-b5a3-4d46adadfb7f"
                        },
                        "type": "Foreach"
                      }
                    }
                  },
                  "expression": {
                    "equals": [
                      "@empty(items('Loop_through_Apps')?['properties/connectionReferences'])",
                      true
                    ]
                  },
                  "metadata": {
                    "operationMetadataId": "21f329a3-736c-4ab2-901c-176d7618b0a6"
                  },
                  "type": "If"
                },
                "ConnectionReferences": {
                  "runAfter": {
                    "Append_to_apps_array_variable": [
                      "Succeeded"
                    ]
                  },
                  "metadata": {
                    "operationMetadataId": "cc18b06b-adc5-49d4-980b-0c25f7979b84"
                  },
                  "type": "Compose",
                  "inputs": "@items('Loop_through_Apps')?['properties/connectionReferences']"
                }
              },
              "runAfter": {
                "Get_Apps_as_Admin": [
                  "Succeeded"
                ]
              },
              "metadata": {
                "operationMetadataId": "f91dace5-1082-494f-997b-933d5bf973af"
              },
              "type": "Foreach"
            }
          },
          "runAfter": {
            "List_Environments_as_Admin": [
              "Succeeded"
            ]
          },
          "metadata": {
            "operationMetadataId": "a42533c2-1184-4215-801a-5ac35fdd49e2"
          },
          "type": "Foreach"
        },
        "Initialize_apps_variable": {
          "runAfter": {
            "Get_user_profile_(V2)": [
              "Succeeded"
            ]
          },
          "metadata": {
            "operationMetadataId": "be308073-ca5b-4f24-8d7d-a29f3a4a11d3"
          },
          "type": "InitializeVariable",
          "inputs": {
            "variables": [
              {
                "name": "varApps",
                "type": "array"
              }
            ]
          }
        },
        "Initialize_connectors_variable": {
          "runAfter": {
            "Initialize_apps_variable": [
              "Succeeded"
            ]
          },
          "metadata": {
            "operationMetadataId": "c822168a-0279-484d-a77b-5eb21060a4ec"
          },
          "type": "InitializeVariable",
          "inputs": {
            "variables": [
              {
                "name": "varConnectors",
                "type": "array"
              }
            ]
          }
        },
        "Initialize_app_count_variable": {
          "runAfter": {
            "Initialize_connection_total_variable": [
              "Succeeded"
            ]
          },
          "metadata": {
            "operationMetadataId": "965ff879-da93-435d-8b49-a9ccf48cb63a"
          },
          "type": "InitializeVariable",
          "inputs": {
            "variables": [
              {
                "name": "varAppCount",
                "type": "integer"
              }
            ]
          }
        },
        "Total_Apps": {
          "runAfter": {
            "Loop_Through_Environments": [
              "Succeeded"
            ]
          },
          "metadata": {
            "operationMetadataId": "156b3a55-f138-456d-9009-492a3c80f74c"
          },
          "type": "Compose",
          "inputs": "@{variables('varAppCount')} "
        },
        "All_Apps": {
          "runAfter": {
            "Total_Apps": [
              "Succeeded"
            ]
          },
          "metadata": {
            "operationMetadataId": "c6c3cc8d-ec5d-48d2-bc63-9b1d21868f70"
          },
          "type": "Compose",
          "inputs": "@variables('varApps')"
        },
        "Send_an_email_(V2)": {
          "runAfter": {
            "Count_of_Apps_with_Components": [
              "Succeeded"
            ]
          },
          "metadata": {
            "operationMetadataId": "54154b11-b8fe-4d25-8b27-aec6e67945b7"
          },
          "type": "OpenApiConnection",
          "inputs": {
            "host": {
              "apiId": "/providers/Microsoft.PowerApps/apis/shared_office365",
              "connectionName": "shared_office365",
              "operationId": "SendEmailV2"
            },
            "parameters": {
              "emailMessage/To": "@outputs('Get_user_profile_(V2)')?['body/mail']",
              "emailMessage/Subject": "Your Power Apps Wrapped",
              "emailMessage/Body": "<!DOCTYPE html>\n<html>\n<head>\n<style>\nbody {padding: 0px; margin: 0; overflow: hidden;}\n* {transition: all 1s cubic-bezier(.25,.8,.25,1); \nfont-family: 'Montserrat', sans-serif;\n}\n\n.screen {background: #742774; height: 85vh; width: 100%;}\n.buttons {\n    position: fixed;\n    bottom: 0;\n    width: 100%;\n    height: 60px;\n    display: flex;\n    justify-content: center;\n      padding: 20px;\n}\ntable{  margin-left: auto;\n  margin-right: auto;}\ntd{\n  font-size: 80px;\n  text-align: center; font-weight: bold;\n}\nth {display:none}\n.card {width: 100%; display: block;\ntransform-style: preserve-3d; height: 100vh;\n   transition-delay: 0.25s;\n}\n.center {\n  display: block;\n  margin-left: auto;\n  margin-right: auto;\n  width: 50%;\n}\n\n.dcard {position: relative; display: block;\n  height: 100vh;\n    width: 100vw;\n perspective: 800px;\n}\n.col-md-12, .col-md-4 {margin-bottom: 30px;}\n\n.col-md-12 .dcard {perspective: 3000px;}\n\n.frame {display: block; width: 100%;   \n  position: absolute; top: 10%; left: 50%; transform: translateX(-50%);     transform-style: preserve-3d; \n} \n\na.btn {background: #d3f971; border-radius: 30px; color: #000; padding: 10px 20px; line-height: 36px; text-decoration: none; margin: 0px 10px;} \na.btn-ghost {background: #000; border-radius: 30px; color: #d3f971; border: 2px solid #d3f971; padding: 10px 20px;}\n\np {color: #fff;   \n width: 60%; display: block; margin: 0 auto;\n  font-size: 100px;\n  text-align: center; font-weight: bold;\n}\n.secondText {\n text-align: center;\n  transform: translateZ(70px); position: relative;\ncolor:#ee209c\n}\n.totalText1 {\n text-align: center;\n  transform: translateZ(70px); position: relative;\ncolor:white;\nbackground-color:#00DB4D\n}\n.totalText2 {\n text-align: center;\n  transform: translateZ(70px); position: relative;\ncolor:white;\nbackground-color:#7504B5\n}\n.totalText3 {\n text-align: center;\n  transform: translateZ(70px); position: relative;\ncolor:white;\nbackground-color:#E4CB3F\n}\n.thirdText{color: #fff;   \n width: 60%; display: block; margin: 0 auto;\n  font-size: 100px;\n  text-align: center; font-weight: bold;\n}\np:nth-child(1) {\n  color: #d3f971;\n}\np:nth-child(2) {\n  color: #4b917d;\n}\np:nth-child(3) {\n  color: #fff;\n}\np:nth-child(4) {\n  color: #ee209c;\n}\n\np.underline {font-size: 28px; text-align: center; margin-top: 50px; color: #d3f971;}\n\n.trigger {position: absolute; height: 33.333333%; width: 33.333333%; display: block; z-index: 2; \n\n  &:nth-child(1){  left: 0%; top: 0%;\n    &:hover ~ .card {transform: rotateY(8deg) rotateX(-5deg);}\n   }\n  &:nth-child(2){  left: 33.333333%; top: 0%;\n    &:hover ~ .card {transform: rotateY(0deg) rotateX(-5deg);;}\n   }\n  &:nth-child(3){  left: 66.666666%; top: 0%;\n    &:hover ~ .card {transform: rotateY(-8deg) rotateX(-5deg);}\n   }\n  &:nth-child(4){  left: 0%; top: 33.333333%;\n    &:hover ~ .card {transform: rotateY(8deg);}\n   }\n  &:nth-child(5){  left: 33.333333%; top: 33.333333%;\n    &:hover ~ .card {transform: rotateY(0deg) rotateX(0deg);}\n   }\n  &:nth-child(6){  left: 66.666666%; top: 33.333333%;\n    &:hover ~ .card {transform: rotateY(-8deg) rotateX(0deg);}\n   }\n  &:nth-child(7){  left: 0%; top: 66.666666%;\n    &:hover ~ .card {transform: rotateY(8deg) rotateX(5deg);}\n   }\n  &:nth-child(8){  left: 33.333333%; top: 66.666666%;\n    &:hover ~ .card {transform: rotateY(0deg) rotateX(5deg);}\n   }\n  &:nth-child(9){  left: 66.666666%; top: 66.666666%;\n    &:hover ~ .card {transform: rotateY(-8deg) rotateX(5deg);}\n   }\n}\n\n\n\n</style>\n</head>\n<body>\n<div class=\"container\">\n\n  <div class=\"screen\">\n    <div class=\"dcard\">\n      <div class=\"trigger\"></div>\n      <div class=\"trigger\"></div>\n      <div class=\"trigger\"></div>\n      <div class=\"trigger\"></div>\n      <div class=\"trigger\"></div>\n      <div class=\"trigger\"></div>\n      <div class=\"trigger\"></div>\n      <div class=\"trigger\"></div>\n      <div class=\"trigger\"></div>\n      <div class=\"card\" style=\"\">\n        <div class=\"frame\">\n          <p>Ready for your</p>\n          <p class='secondText'>Power Apps</p>\n          <p class='thirdText'>Wrapped?</p>\n          <p class=\"underline\">Relive your Power Apps Maker experience</p>\n        </div>\n      </div>\n    </div>\n  </div>\n</div>\n<div class=\"container2\">\n  <div class=\"screen\" style=\"background-color:#FF8201;padding-top:10px\">\n    <div class=\"dcard\">\n      <p class='totalText1'>@{outputs('Count_of_My_Apps')}</p>\n <p class='totalText2'>@{outputs('Count_of_My_Apps')}</p>\n <p class='totalText3'>@{outputs('Count_of_My_Apps')}</p>\n     <p class=\"underline\">In 2022, you created a total of @{outputs('Count_of_My_Apps')} Power Apps!</p>\n    </div>\n  </div>\n</div>\n<div class=\"container2\">\n  <div class=\"screen\" >\n    <div class=\"dcard\">\n      <p>Your Top Connectors</p>\n     <div style=\"color:white;text-align:center\">\n@{body('Create_HTML_table')}\n</div>\n    </div>\n  </div>\n</div>\n<div class=\"container2\">\n  <div class=\"screen\"  style=\"background-color:#FF8201\">\n    <div class=\"dcard\">\n<img src='https://github.com/aprildunnam/Power-Automate/blob/master/Wrapped/PowerAppsWrappedConnector.png?raw=true' width=\"350\" height=\"350\" class=\"center\"/>\n      <p>The Power Addict </p>\n     <p class=\"underline\"> You have a knack for creating Power Apps. Some might even call it an addiction!  You've built @{outputs('Count_of_Phone_Apps')} phone apps and @{outputs('Count_of_Tablet_Apps')} tablet apps!</p>\n    </div>\n  </div> \n</div>\n<div class=\"container2\" >\n  <div class=\"screen\"  style=\"background-color:#FF6AC5\">\n    <div class=\"dcard\">\n<img src='https://github.com/aprildunnam/Power-Automate/blob/master/Wrapped/PowerAppsWrappedComponent.png?raw=true' width=\"350\" height=\"350\" class=\"center\"/>\n      <p>The Time Saver</p>\n     <p class=\"underline\">You know that time is your most precious resource and you don't want to waste it re-creating specialized controls for your apps. You have truly embraced the power of components this year by using components in @{outputs('Count_of_Apps_with_Components')} of your apps!</p>.  \n    </div>\n  </div>\n</div>\n</body>\n</html>",
              "emailMessage/Importance": "Normal"
            },
            "authentication": {
              "value": "@json(decodeBase64(triggerOutputs().headers['X-MS-APIM-Tokens']))['$ConnectionKey']",
              "type": "Raw"
            }
          }
        },
        "Initialize_canvas_count_variable": {
          "runAfter": {
            "Initialize_app_count_variable": [
              "Succeeded"
            ]
          },
          "metadata": {
            "operationMetadataId": "95e64ea4-1627-46fb-847f-c20fde2ed1dc"
          },
          "type": "InitializeVariable",
          "inputs": {
            "variables": [
              {
                "name": "varCanvasCount",
                "type": "integer"
              }
            ]
          }
        },
        "Initialize_model_count_variable": {
          "runAfter": {
            "Initialize_canvas_count_variable": [
              "Succeeded"
            ]
          },
          "metadata": {
            "operationMetadataId": "d3fac293-4cd1-4c71-bd01-17cbfdec2ca8"
          },
          "type": "InitializeVariable",
          "inputs": {
            "variables": [
              {
                "name": "varModelCount",
                "type": "integer"
              }
            ]
          }
        },
        "Initialize_total_apps_variable": {
          "runAfter": {
            "Initialize_model_count_variable": [
              "Succeeded"
            ]
          },
          "metadata": {
            "operationMetadataId": "e3148cf2-58d3-4ea3-af1b-498d01605183"
          },
          "type": "InitializeVariable",
          "inputs": {
            "variables": [
              {
                "name": "varTotalApps",
                "type": "integer"
              }
            ]
          }
        },
        "Initialize_total_makers_variable": {
          "runAfter": {
            "Initialize_total_apps_variable": [
              "Succeeded"
            ]
          },
          "metadata": {
            "operationMetadataId": "fedbac7a-2668-489c-abe1-b3a837ac99fb"
          },
          "type": "InitializeVariable",
          "inputs": {
            "variables": [
              {
                "name": "varTotalMakers",
                "type": "integer"
              }
            ]
          }
        },
        "Filter_Apps_Current_User": {
          "runAfter": {
            "Filter_Apps_to_2022": [
              "Succeeded"
            ]
          },
          "metadata": {
            "operationMetadataId": "782b9fa1-1707-43a2-82fb-596de27e96ef"
          },
          "type": "Query",
          "inputs": {
            "from": "@body('Filter_Apps_to_2022')",
            "where": "@equals(item()?['CreatedBy'], outputs('Get_user_profile_(V2)')?['body/mail'])"
          }
        },
        "Filter_Apps_to_2022": {
          "runAfter": {
            "All_Apps": [
              "Succeeded"
            ]
          },
          "metadata": {
            "operationMetadataId": "782b9fa1-1707-43a2-82fb-596de27e96ef"
          },
          "type": "Query",
          "inputs": {
            "from": "@variables('varApps')",
            "where": "@equals(formatdatetime(item()?['CreatedTime'],'yyyy'), '2022')"
          }
        },
        "Filter_Apps_Tablet": {
          "runAfter": {
            "Compose": [
              "Succeeded"
            ]
          },
          "metadata": {
            "operationMetadataId": "782b9fa1-1707-43a2-82fb-596de27e96ef"
          },
          "type": "Query",
          "inputs": {
            "from": "@body('Filter_Apps_Current_User')",
            "where": "@equals(item()?['FormFactor'], 'Tablet')\n"
          }
        },
        "Filter_Apps_Phone": {
          "runAfter": {
            "Filter_Apps_Tablet": [
              "Succeeded"
            ]
          },
          "metadata": {
            "operationMetadataId": "782b9fa1-1707-43a2-82fb-596de27e96ef"
          },
          "type": "Query",
          "inputs": {
            "from": "@body('Filter_Apps_Current_User')",
            "where": "@equals(item()?['FormFactor'], 'Phone')"
          }
        },
        "Count_of_Tablet_Apps": {
          "runAfter": {
            "Filter_Apps_Phone": [
              "Succeeded"
            ]
          },
          "metadata": {
            "operationMetadataId": "7bac877e-88d4-4b1f-9fb7-617a1a1cc245"
          },
          "type": "Compose",
          "inputs": "@length(body('Filter_Apps_Tablet'))"
        },
        "Count_of_Phone_Apps": {
          "runAfter": {
            "Count_of_Tablet_Apps": [
              "Succeeded"
            ]
          },
          "metadata": {
            "operationMetadataId": "09bb9ec8-d95c-49c7-a18f-52e8a0b1a653"
          },
          "type": "Compose",
          "inputs": "@length(body('Filter_Apps_Phone'))"
        },
        "Filter_Apps_Use_Components": {
          "runAfter": {
            "Count_of_Phone_Apps": [
              "Succeeded"
            ]
          },
          "metadata": {
            "operationMetadataId": "782b9fa1-1707-43a2-82fb-596de27e96ef"
          },
          "type": "Query",
          "inputs": {
            "from": "@body('Filter_Apps_Current_User')",
            "where": "@equals(item()?['UsesComponents'], 'true')\n"
          }
        },
        "Count_of_Apps_with_Components": {
          "runAfter": {
            "Filter_Apps_Use_Components": [
              "Succeeded"
            ]
          },
          "metadata": {
            "operationMetadataId": "26cd18a2-66cd-4c23-ae35-4e42280820ae"
          },
          "type": "Compose",
          "inputs": "@length(body('Filter_Apps_Use_Components'))"
        },
        "Initialize_connectors_used_variable": {
          "runAfter": {
            "Initialize_connectors_variable": [
              "Succeeded"
            ]
          },
          "metadata": {
            "operationMetadataId": "a8242168-4269-479f-b4df-f9338da82fa8"
          },
          "type": "InitializeVariable",
          "inputs": {
            "variables": [
              {
                "name": "varConnectorsUsed",
                "type": "array"
              }
            ]
          }
        },
        "Filter_Connections_2022": {
          "runAfter": {
            "Count_of_My_Apps": [
              "Succeeded"
            ]
          },
          "metadata": {
            "operationMetadataId": "782b9fa1-1707-43a2-82fb-596de27e96ef"
          },
          "type": "Query",
          "inputs": {
            "from": "@variables('varConnectorsUsed')",
            "where": "@equals(formatdatetime(item()?['CreatedTime'], 'yyyy'), '2022')"
          }
        },
        "Filter_Connections_Cur_User": {
          "runAfter": {
            "Filter_Connections_2022": [
              "Succeeded"
            ]
          },
          "metadata": {
            "operationMetadataId": "782b9fa1-1707-43a2-82fb-596de27e96ef"
          },
          "type": "Query",
          "inputs": {
            "from": "@body('Filter_Connections_2022')",
            "where": "@equals(item()?['CreatedBy'], outputs('Get_user_profile_(V2)')?['body/mail'])"
          }
        },
        "Count_of_My_Apps": {
          "runAfter": {
            "Filter_Apps_Current_User": [
              "Succeeded"
            ]
          },
          "metadata": {
            "operationMetadataId": "15291271-6f54-4f4d-9fb9-94000279d31b"
          },
          "type": "Compose",
          "inputs": "@length(body('Filter_Apps_Current_User'))"
        },
        "Count_Connections_Cur_User": {
          "runAfter": {
            "Top5Connections": [
              "Succeeded"
            ]
          },
          "metadata": {
            "operationMetadataId": "85a96ba4-de61-49dc-867f-8b45dc97492b"
          },
          "type": "Compose",
          "inputs": "@length(body('Filter_Connections_Cur_User'))"
        },
        "Union_Connectors": {
          "runAfter": {
            "SelectConnectorName": [
              "Succeeded"
            ]
          },
          "metadata": {
            "operationMetadataId": "40718688-52c8-4669-80bf-5c93423967fd"
          },
          "type": "Compose",
          "inputs": "@union(body('SelectConnectorName'),body('SelectConnectorName'))"
        },
        "Apply_to_each_2": {
          "foreach": "@outputs('Union_Connectors')",
          "actions": {
            "Filter_array": {
              "runAfter": {},
              "metadata": {
                "operationMetadataId": "2bd3c23c-ce0c-4e63-81d2-9d8a77b882b8"
              },
              "type": "Query",
              "inputs": {
                "from": "@body('Filter_Connections_Cur_User')",
                "where": "@equals(item()?['displayName'], items('Apply_to_each_2')?['displayName'])"
              }
            },
            "Append_to_array_variable_2": {
              "runAfter": {
                "Filter_array": [
                  "Succeeded"
                ]
              },
              "metadata": {
                "operationMetadataId": "99cd915d-59c3-4c29-ab55-03f3eb41ea1a"
              },
              "type": "AppendToArrayVariable",
              "inputs": {
                "name": "varConnectionsToals",
                "value": {
                  "Connector": "@items('Apply_to_each_2')",
                  "Count": "@length(body('Filter_array'))"
                }
              }
            }
          },
          "runAfter": {
            "Union_Connectors": [
              "Succeeded"
            ]
          },
          "metadata": {
            "operationMetadataId": "74afb1d4-f210-4e46-ae09-311ba7db26c1"
          },
          "type": "Foreach"
        },
        "Compose": {
          "runAfter": {
            "Create_HTML_table": [
              "Succeeded"
            ]
          },
          "metadata": {
            "operationMetadataId": "e50bd48a-713a-4d38-8a4e-fcb4c8f1c13c"
          },
          "type": "Compose",
          "inputs": "@variables('varConnectionsToals')"
        },
        "Initialize_connection_total_variable": {
          "runAfter": {
            "Initialize_connectors_used_variable": [
              "Succeeded"
            ]
          },
          "metadata": {
            "operationMetadataId": "99260afc-5db3-4dbe-a40d-fbd83a8ddeb6"
          },
          "type": "InitializeVariable",
          "inputs": {
            "variables": [
              {
                "name": "varConnectionsToals",
                "type": "array",
                "value": []
              }
            ]
          }
        },
        "SelectConnectorName": {
          "runAfter": {
            "Filter_Connections_Cur_User": [
              "Succeeded"
            ]
          },
          "metadata": {
            "operationMetadataId": "386477ad-1a1b-4c8d-a32d-8289007683bc"
          },
          "type": "Select",
          "inputs": {
            "from": "@body('Filter_Connections_Cur_User')",
            "select": {
              "displayName": "@item()?['displayName']"
            }
          }
        },
        "SortConnections": {
          "runAfter": {
            "Apply_to_each_2": [
              "Succeeded"
            ]
          },
          "metadata": {
            "operationMetadataId": "c15d698b-7c70-497c-a5a7-9d888749f8c0"
          },
          "type": "Compose",
          "inputs": "@reverse(sort(variables('varConnectionsToals'),'Count'))"
        },
        "Top5Connections": {
          "runAfter": {
            "SortConnections": [
              "Succeeded"
            ]
          },
          "metadata": {
            "operationMetadataId": "a2068c7c-7414-436b-b8c2-5ff972c81bf3"
          },
          "type": "Compose",
          "inputs": "@take(outputs('SortConnections'),5)"
        },
        "Create_HTML_table": {
          "runAfter": {
            "Count_Connections_Cur_User": [
              "Succeeded"
            ]
          },
          "metadata": {
            "operationMetadataId": "ccc25181-9e86-4a9e-98be-fa80bdbb7bd8"
          },
          "type": "Table",
          "inputs": {
            "from": "@outputs('Top5Connections')",
            "format": "HTML",
            "columns": [
              {
                "header": "Connector",
                "value": "@item()?['Connector']?['displayName']"
              }
            ]
          }
        },
        "Get_user_profile_(V2)": {
          "runAfter": {},
          "metadata": {
            "operationMetadataId": "99b53096-eec9-45d5-9ee4-c70cda988d61"
          },
          "type": "OpenApiConnection",
          "inputs": {
            "host": {
              "apiId": "/providers/Microsoft.PowerApps/apis/shared_office365users",
              "connectionName": "shared_office365users",
              "operationId": "UserProfile_V2"
            },
            "parameters": {
              "id": "@triggerBody()['text']"
            },
            "authentication": {
              "value": "@json(decodeBase64(triggerOutputs().headers['X-MS-APIM-Tokens']))['$ConnectionKey']",
              "type": "Raw"
            }
          }
        }
      }
    },
    "templateName": null
  },
  "schemaVersion": "1.0.0.0"
}