{"name":"a71f6cd7-7c40-4f12-9d80-0e5c1d4e4487","id":"/providers/Microsoft.Flow/flows/a71f6cd7-7c40-4f12-9d80-0e5c1d4e4487","type":"Microsoft.Flow/flows","properties":{"apiId":"/providers/Microsoft.PowerApps/apis/shared_logicflows","displayName":"Winner Winner App Provisioner","definition":{"metadata":{"workflowEntityId":null,"creator":{"id":"2dad8891-58c1-4e61-966f-ad9813ab1365","type":"User","tenantId":"33df2eae-8315-4a6f-ab5f-af2a67d46f37"},"provisioningMethod":"FromDefinition","failureAlertSubscription":true,"clientLastModifiedTime":"2020-06-15T03:14:00.7612172Z"},"$schema":"https://schema.management.azure.com/providers/Microsoft.Logic/schemas/2016-06-01/workflowdefinition.json#","contentVersion":"1.0.0.0","parameters":{"$connections":{"defaultValue":{},"type":"Object"},"$authentication":{"defaultValue":{},"type":"SecureObject"}},"triggers":{"manual":{"type":"Request","kind":"Button","inputs":{"schema":{"type":"object","properties":{},"required":[]}}}},"actions":{"!_Enter_URL_of_SP_Site_to_Deploy_to_Here":{"runAfter":{},"type":"InitializeVariable","inputs":{"variables":[{"name":"varSitePrefix","type":"string","value":"https://axecapitalcorp.sharepoint.com/sites/IT"}]},"description":"Put the fully qualified URL of the SP Site to deploy the list to in the Value field"},"Send_an_HTTP_request_to_SharePoint":{"runAfter":{"!_Enter_URL_of_SP_Site_to_Deploy_to_Here":["Succeeded"]},"metadata":{"flowSystemMetadata":{"swaggerOperationId":"HttpRequest"}},"type":"ApiConnection","inputs":{"host":{"connection":{"name":"@json(decodeBase64(triggerOutputs().headers['X-MS-APIM-Tokens']))['$connections']['shared_sharepointonline']['connectionId']"},"api":{"runtimeUrl":"https://unitedstates-002.azure-apim.net/apim/sharepointonline"}},"method":"post","body":{"method":"POST","uri":"/_api/web/lists","headers":{"Accept":"application/json;odata=verbose","Content-Type":"application/json;odata=verbose"},"body":"{\n  \"__metadata\": {\"type\": \"SP.List\"},\n  \"AllowContentTypes\": true,\n  \"BaseTemplate\": 100,\n \"Description\": \"This list stores the contest entries to draw from.\",\n \"Title\": \"Drawings\"\n}"},"path":"/datasets/@{encodeURIComponent(encodeURIComponent(variables('varSitePrefix')))}/httprequest","authentication":{"type":"Raw","value":"@json(decodeBase64(triggerOutputs().headers['X-MS-APIM-Tokens']))['$ConnectionKey']"}},"description":"This creates the list to hold the requests.  DO NOT CHANGE ANYTHING HERE!  It will cause pieces of the Power App to break"},"Outcome":{"runAfter":{"Send_an_HTTP_request_to_SharePoint":["Succeeded"]},"metadata":{"flowSystemMetadata":{"swaggerOperationId":"HttpRequest"}},"type":"ApiConnection","inputs":{"host":{"connection":{"name":"@json(decodeBase64(triggerOutputs().headers['X-MS-APIM-Tokens']))['$connections']['shared_sharepointonline']['connectionId']"},"api":{"runtimeUrl":"https://unitedstates-002.azure-apim.net/apim/sharepointonline"}},"method":"post","body":{"method":"POST","uri":"_api/lists/getbytitle('Drawings')/fields","headers":{"Accept":"application/json;odata=verbose","Content-Type":"application/json;odata=verbose"},"body":"{\n    '__metadata': {'type':'SP.Field', 'addToDefaultView': 'true' },\n    'FieldTypeKind': 2,\n    'Title': 'Outcome'\n}"},"path":"/datasets/@{encodeURIComponent(encodeURIComponent(variables('varSitePrefix')))}/httprequest","authentication":{"type":"Raw","value":"@json(decodeBase64(triggerOutputs().headers['X-MS-APIM-Tokens']))['$ConnectionKey']"}}},"Initialize_array_to_add_above_fields_in_the_default_view":{"runAfter":{"Present":["Succeeded"]},"type":"InitializeVariable","inputs":{"variables":[{"name":"AllFieldNames","type":"array","value":["Outcome","Present"]}]}},"Present":{"runAfter":{"Outcome":["Succeeded"]},"metadata":{"flowSystemMetadata":{"swaggerOperationId":"HttpRequest"}},"type":"ApiConnection","inputs":{"host":{"connection":{"name":"@json(decodeBase64(triggerOutputs().headers['X-MS-APIM-Tokens']))['$connections']['shared_sharepointonline']['connectionId']"},"api":{"runtimeUrl":"https://unitedstates-002.azure-apim.net/apim/sharepointonline"}},"method":"post","body":{"method":"POST","uri":"_api/lists/getbytitle('Drawings')/fields","headers":{"Accept":"application/json;odata=verbose","Content-Type":"application/json;odata=verbose"},"body":"{\n    '__metadata': {'type':'SP.Field', 'addToDefaultView': 'true' },\n    'FieldTypeKind': 8,\n    'Title': 'Present'\n}"},"path":"/datasets/@{encodeURIComponent(encodeURIComponent(variables('varSitePrefix')))}/httprequest","authentication":{"type":"Raw","value":"@json(decodeBase64(triggerOutputs().headers['X-MS-APIM-Tokens']))['$ConnectionKey']"}}},"Add_created_fields_to_the_default_view":{"foreach":"@variables('AllFieldNames')","actions":{"Add_a_field_to_the_default_view":{"runAfter":{},"metadata":{"flowSystemMetadata":{"swaggerOperationId":"HttpRequest"}},"type":"ApiConnection","inputs":{"host":{"connection":{"name":"@json(decodeBase64(triggerOutputs().headers['X-MS-APIM-Tokens']))['$connections']['shared_sharepointonline']['connectionId']"},"api":{"runtimeUrl":"https://unitedstates-002.azure-apim.net/apim/sharepointonline"}},"method":"post","body":{"method":"POST","uri":"_api/web/Lists/getByTitle('Drawings')/views/GetByTitle('All%20Items')/ViewFields/AddViewField('@{items('Add_created_fields_to_the_default_view')}')"},"path":"/datasets/@{encodeURIComponent(encodeURIComponent(variables('varSitePrefix')))}/httprequest","authentication":{"type":"Raw","value":"@json(decodeBase64(triggerOutputs().headers['X-MS-APIM-Tokens']))['$ConnectionKey']"}}}},"runAfter":{"Initialize_array_to_add_above_fields_in_the_default_view":["Succeeded"]},"type":"Foreach"}}},"connectionReferences":{"shared_sharepointonline":{"connectionName":"3bf42c5ac2964f86ad79806552577077","source":"Invoker","id":"/providers/Microsoft.PowerApps/apis/shared_sharepointonline","tier":"NotSpecified"}},"flowFailureAlertSubscribed":false}}