{"schemaVersion":"1.0","appDefinitionTemplate":{"id":"/providers/Microsoft.PowerApps/apps/","type":"Microsoft.PowerApps/apps","tags":{"primaryDeviceWidth":"640","primaryDeviceHeight":"1136","sienaVersion":"29d25f56-34b6-4040-9ef2-5869119063a3","deviceCapabilities":"","supportsPortrait":"true","supportsLandscape":"false","primaryFormFactor":"Phone","publisherVersion":"3.20064.23","minimumRequiredApiVersion":"2.2.0","hasComponent":"true","hasUnlockedComponent":"true","isUnifiedRootApp":"false"},"properties":{"appVersion":"2020-07-14T00:29:44Z","lifeCycleId":"Published","createdByClientVersion":{"major":3,"minor":20064,"build":23,"revision":0,"majorRevision":0,"minorRevision":0},"minClientVersion":{"major":3,"minor":20064,"build":23,"revision":0,"majorRevision":0,"minorRevision":0},"backgroundColor":"rgba(142, 140, 216, 1)","backgroundImageUri":"/14528272947044044408/N8561f604-e822-48b6-873f-66b8b984a2db-logoSmallFile","displayName":"Desk Booking","description":"","commitMessage":"","appUris":{"documentUri":{"value":"/14528272947044044408/N6bcd8da4-2647-4d22-9a86-1ad28ce37551-document.msapp","readonlyValue":"/14528272947044044408/N6bcd8da4-2647-4d22-9a86-1ad28ce37551-document.msapp"},"imageUris":[]},"createdTime":"0001-01-01T00:00:00Z","lastModifiedTime":"0001-01-01T00:00:00Z","sharedGroupsCount":0,"sharedUsersCount":0,"icons":{"smallIconUri":"/14528272947044044408/Nc109a875-44fe-452e-9b2c-f3f1455a9830-small.png","mediumIconUri":"/14528272947044044408/N6389b368-fa47-4535-bc3f-2a7c58acd72d-medium.png","largeIconUri":"/14528272947044044408/N51b5fda4-9e06-4450-a5c3-be7e5e4be86d-large.png","wideIconUri":"/14528272947044044408/N5b86408d-187a-46d1-9d6b-265503909f1a-wide.png"},"connectionReferences":{"123a155e-f1fd-425b-a90f-d76b754d2a96":{"id":"5c828ec7-ea9f-4229-a37e-b3336d2721b8","displayName":"SharePoint","iconUri":"https://connectoricons-prod.azureedge.net/sharepointonline/icon_1.0.1363.2042.png","dataSources":["Desk Reservations","Desks"],"dependencies":[],"dependents":[],"parameterHints":{},"isOnPremiseConnection":false,"bypassConsent":false,"dataSets":{"https://axecapitalcorp.sharepoint.com/sites/CrisisInformation":{"dataSources":{"Desk Reservations":{"tableName":"218ee9d0-e055-40d8-a88d-db2f51e3c948"},"Desks":{"tableName":"ff2dd3fd-ef06-4fa4-a030-466f3ae1d83a"}}}},"apiTier":"Standard","isCustomApiConnection":false},"64852b16-4509-4d34-be4c-adfa1f496b3a":{"id":"43f52455-a638-4f16-9b12-d894e71b23ae","displayName":"Office 365 Users","iconUri":"https://connectoricons-prod.azureedge.net/office365users/icon_1.0.1357.2029.png","dataSources":["Office365Users"],"dependencies":[],"dependents":[],"parameterHints":{},"isOnPremiseConnection":false,"bypassConsent":false,"dataSets":{},"apiTier":"Standard","isCustomApiConnection":false}},"databaseReferences":{},"almMode":"Environment","performanceOptimizationEnabled":true,"canConsumeAppPass":true},"isAppComponentLibrary":false,"appType":"ClassicCanvasApp","appComponents":[]}}