{"schemaVersion":"1.0","appDefinitionTemplate":{"id":"/providers/Microsoft.PowerApps/apps/","type":"Microsoft.PowerApps/apps","tags":{"primaryDeviceWidth":"640","primaryDeviceHeight":"1136","sienaVersion":"20200804T034522Z-3.20072.20.0","deviceCapabilities":"","supportsPortrait":"true","supportsLandscape":"false","primaryFormFactor":"Phone","publisherVersion":"3.20072.20","minimumRequiredApiVersion":"2.2.0","hasComponent":"true","hasUnlockedComponent":"true","isUnifiedRootApp":"false"},"properties":{"appVersion":"2020-08-04T03:45:22Z","lifeCycleId":"Published","createdByClientVersion":{"major":3,"minor":20072,"build":20,"revision":0,"majorRevision":0,"minorRevision":0},"minClientVersion":{"major":3,"minor":20072,"build":20,"revision":0,"majorRevision":0,"minorRevision":0},"backgroundColor":"rgba(243, 138, 122, 1)","backgroundImageUri":"/2006332875297626310/N4223d5a2-0835-4c61-938e-0affc286973a-logoSmallFile","displayName":"Lost and Found","description":"","commitMessage":"","appUris":{"documentUri":{"value":"/2006332875297626310/Na172d73c-3f47-4db7-bb70-aed813f7381f-document.msapp","readonlyValue":"/2006332875297626310/Na172d73c-3f47-4db7-bb70-aed813f7381f-document.msapp"},"imageUris":[]},"createdTime":"0001-01-01T00:00:00Z","lastModifiedTime":"0001-01-01T00:00:00Z","sharedGroupsCount":0,"sharedUsersCount":0,"icons":{"smallIconUri":"/2006332875297626310/Nbef80a9d-61fd-469c-b6c3-edb5ed270889-small.png","mediumIconUri":"/2006332875297626310/Naf72ea39-9785-4b45-bba8-dba081445cea-medium.png","largeIconUri":"/2006332875297626310/N7b041da9-d1b0-466c-a83b-b7936b66f695-large.png","wideIconUri":"/2006332875297626310/Ne3c411db-d76f-44ca-bd25-f9b9d919f495-wide.png"},"connectionReferences":{"69a4c4ab-7056-4410-b63f-820c9d1a20a2":{"id":"5c828ec7-ea9f-4229-a37e-b3336d2721b8","displayName":"SharePoint","iconUri":"https://connectoricons-prod.azureedge.net/releases/v1.0.1371/1.0.1371.2074/sharepointonline/icon.png","dataSources":["LostAndFound","LostAndFoundImages"],"dependencies":[],"dependents":["478af385-8fa0-4661-bb82-fbfbbb6f7182"],"parameterHints":{},"isOnPremiseConnection":false,"bypassConsent":false,"dataSets":{"https://axecapitalcorp.sharepoint.com/sites/AxeCommunication":{"dataSources":{"LostAndFound":{"tableName":"3085d10b-9bbc-49e6-b8f2-90d6286ed37e"},"LostAndFoundImages":{"tableName":"c0de6355-f05a-4ffb-b3cf-b02551e4a3c1"}}}},"apiTier":"Standard","isCustomApiConnection":false},"64852b16-4509-4d34-be4c-adfa1f496b3a":{"id":"43f52455-a638-4f16-9b12-d894e71b23ae","displayName":"Microsoft 365 Users","iconUri":"https://connectoricons-prod.azureedge.net/releases/v1.0.1373/1.0.1373.2081/office365users/icon.png","dataSources":["Office365Users"],"dependencies":[],"dependents":[],"parameterHints":{},"isOnPremiseConnection":false,"bypassConsent":false,"dataSets":{},"apiTier":"Standard","isCustomApiConnection":false},"478af385-8fa0-4661-bb82-fbfbbb6f7182":{"id":"221b9b2a-68c0-4173-b548-a036f457a8d5","displayName":"Logic flows","iconUri":"https://resourcestackdeploy.blob.core.windows.net/scripts/13276078.png","dataSources":["LostandFoundImage"],"dependencies":["69a4c4ab-7056-4410-b63f-820c9d1a20a2"],"dependents":[],"parameterHints":{"workflowName":{"value":"bc24c1b1-5d79-46d7-b1b4-6dc7d634fced"},"69a4c4ab-7056-4410-b63f-820c9d1a20a2":{"value":"shared_sharepointonline"}},"isOnPremiseConnection":false,"bypassConsent":false,"dataSets":{},"apiTier":"Standard","isCustomApiConnection":false}},"databaseReferences":{},"almMode":"Environment","performanceOptimizationEnabled":true,"canConsumeAppPass":true},"isAppComponentLibrary":false,"appType":"ClassicCanvasApp","appComponents":[]}}