{"name":"58bd2223-4327-4d69-abeb-4f9d2b30e32c","id":"/providers/Microsoft.Flow/flows/58bd2223-4327-4d69-abeb-4f9d2b30e32c","type":"Microsoft.Flow/flows","properties":{"apiId":"/providers/Microsoft.PowerApps/apis/shared_logicflows","displayName":"Magic8Ball","definition":{"metadata":{"creator":{"id":"902d4e3c-1184-4f3f-bae7-7fae94b33419","type":"User","tenantId":"1bfe8a0b-4429-450d-90d0-0ad3fe8c5a18"},"provisioningMethod":"FromDefinition","failureAlertSubscription":true,"clientLastModifiedTime":"2018-08-02T16:31:22.6370324Z"},"$schema":"https://schema.management.azure.com/providers/Microsoft.Logic/schemas/2016-06-01/workflowdefinition.json#","contentVersion":"1.0.0.0","parameters":{"$connections":{"defaultValue":{},"type":"Object"},"$authentication":{"defaultValue":{},"type":"SecureObject"}},"triggers":{"manual":{"type":"Request","kind":"PowerApp","inputs":{"schema":{"type":"object","required":["Switch_On"],"properties":{"Switch_On":{"type":"any","description":"Choose a value","x-ms-powerflows-param-ispartial":false}}}}}},"actions":{"Switch":{"runAfter":{"Initialize_variable":["Succeeded"]},"cases":{"Case":{"case":"Yes/No Question","actions":{"GetYesNoAnswers":{"runAfter":{},"metadata":{"flowSystemMetadata":{"swaggerOperationId":"GetItems"}},"type":"ApiConnection","inputs":{"host":{"api":{"runtimeUrl":"https://flow-apim-msmanaged-na-northcentralus-01.azure-apim.net/apim/sharepointonline"},"connection":{"name":"@json(decodeBase64(triggerOutputs().headers['X-MS-APIM-Tokens']))['$connections']['shared_sharepointonline']['connectionId']"}},"method":"get","path":"/datasets/@{encodeURIComponent(encodeURIComponent('https://activeinetservices.sharepoint.com/'))}/tables/@{encodeURIComponent(encodeURIComponent('bf9da9b4-0d08-40a2-9c03-6b831da171c5'))}/items","authentication":{"type":"Raw","value":"@json(decodeBase64(triggerOutputs().headers['X-MS-APIM-Tokens']))['$ConnectionKey']"}}},"GetRandomYesNo":{"runAfter":{"GetYesNoAnswers":["Succeeded"]},"type":"Compose","inputs":"@body('GetYesNoAnswers')?['value'][rand(0,length(body('GetYesNoAnswers')?['value']))]"},"Set_variable":{"runAfter":{"GetRandomYesNo":["Succeeded"]},"type":"SetVariable","inputs":{"name":"Answer","value":"@{outputs('GetRandomYesNo')?['Title']}"}}}},"Case_2":{"case":"What Song Should I Sing?","actions":{"GetSongs":{"runAfter":{},"metadata":{"flowSystemMetadata":{"swaggerOperationId":"GetItems"}},"type":"ApiConnection","inputs":{"host":{"api":{"runtimeUrl":"https://flow-apim-msmanaged-na-northcentralus-01.azure-apim.net/apim/sharepointonline"},"connection":{"name":"@json(decodeBase64(triggerOutputs().headers['X-MS-APIM-Tokens']))['$connections']['shared_sharepointonline']['connectionId']"}},"method":"get","path":"/datasets/@{encodeURIComponent(encodeURIComponent('https://activeinetservices.sharepoint.com/'))}/tables/@{encodeURIComponent(encodeURIComponent('1911164b-65cc-4ba9-9588-b8d663c07b96'))}/items","authentication":{"type":"Raw","value":"@json(decodeBase64(triggerOutputs().headers['X-MS-APIM-Tokens']))['$ConnectionKey']"}}},"GetRandomSong":{"runAfter":{"GetSongs":["Succeeded"]},"type":"Compose","inputs":"@body('GetSongs')?['value'][rand(0,length(body('GetSongs')?['value']))]"},"Set_variable_2":{"runAfter":{"GetRandomSong":["Succeeded"]},"type":"SetVariable","inputs":{"name":"Answer","value":"@{outputs('GetRandomSong')?['Title']}"}}}},"Case_3":{"case":"Where Should I Eat?","actions":{"GetFood":{"runAfter":{},"metadata":{"flowSystemMetadata":{"swaggerOperationId":"GetItems"}},"type":"ApiConnection","inputs":{"host":{"api":{"runtimeUrl":"https://flow-apim-msmanaged-na-northcentralus-01.azure-apim.net/apim/sharepointonline"},"connection":{"name":"@json(decodeBase64(triggerOutputs().headers['X-MS-APIM-Tokens']))['$connections']['shared_sharepointonline']['connectionId']"}},"method":"get","path":"/datasets/@{encodeURIComponent(encodeURIComponent('https://activeinetservices.sharepoint.com/'))}/tables/@{encodeURIComponent(encodeURIComponent('a36c8c03-0eae-4f94-b8df-3c9747c1fa7a'))}/items","authentication":{"type":"Raw","value":"@json(decodeBase64(triggerOutputs().headers['X-MS-APIM-Tokens']))['$ConnectionKey']"}}},"GetRandomFood":{"runAfter":{"GetFood":["Succeeded"]},"type":"Compose","inputs":"@body('GetFood')?['value'][rand(0,length(body('GetFood')?['value']))]"},"Set_variable_3":{"runAfter":{"GetRandomFood":["Succeeded"]},"type":"SetVariable","inputs":{"name":"Answer","value":"@{outputs('GetRandomFood')?['Title']}"}}}}},"default":{"actions":{"Set_variable_4":{"runAfter":{},"type":"SetVariable","inputs":{"name":"Answer","value":"\"Error\""}}}},"expression":"@triggerBody()['Switch_On']","type":"Switch"},"Initialize_variable":{"runAfter":{},"type":"InitializeVariable","inputs":{"variables":[{"name":"Answer","type":"String"}]}},"Respond_to_PowerApps":{"runAfter":{"Switch":["Succeeded"]},"type":"Response","kind":"PowerApp","inputs":{"statusCode":200,"body":{"response":"@variables('Answer')"},"schema":{"type":"object","properties":{"response":{"title":"Response","type":"string","x-ms-dynamically-added":true}}}}}},"outputs":{},"description":"Create one or more actions to happen when a button or link in PowerApps is selected. To use this flow from a PowerApp, select the control you want to trigger the flow and go to the Action tab in the PowerApps ribbon and select Flows."},"connectionReferences":{"shared_sharepointonline":{"connectionName":"7a5f29a6c4e81f9b3af9e6f0fdddf9f1","source":"Invoker","id":"/providers/Microsoft.PowerApps/apis/shared_sharepointonline","tier":"NotSpecified"}},"flowFailureAlertSubscribed":false}}