{"schemaVersion":"1.0","appDefinitionTemplate":{"id":"/providers/Microsoft.PowerApps/apps/","type":"Microsoft.PowerApps/apps","tags":{"minimumRequiredApiVersion":"2.2.0"},"properties":{"appVersion":"2019-01-29T15:23:43Z","lifeCycleId":"Published","createdByClientVersion":{"major":3,"minor":19014,"build":8,"revision":0,"majorRevision":0,"minorRevision":0},"minClientVersion":{"major":3,"minor":19014,"build":8,"revision":0,"majorRevision":0,"minorRevision":0},"backgroundColor":"rgba(243, 138, 122, 1)","backgroundImageUri":"/9042321798196042196/Ne66d4ecf-aae2-46f1-8985-40a8b6fbf007-logoSmallFile","displayName":"Valentines","description":"","appUris":{"documentUri":{"value":"/9042321798196042196/Nbb68c6ef-e33c-4b6f-b10d-305c69b8683f-document.msapp","readonlyValue":"/9042321798196042196/Nbb68c6ef-e33c-4b6f-b10d-305c69b8683f-document.msapp"},"imageUris":[]},"createdTime":"0001-01-01T00:00:00Z","lastModifiedTime":"0001-01-01T00:00:00Z","sharedGroupsCount":0,"sharedUsersCount":0,"icons":{"smallIconUri":"/9042321798196042196/N0c0c5d8f-08d6-4442-b52c-ef4f21932718-small.png","mediumIconUri":"/9042321798196042196/Nfc12332a-20d9-4ea0-88a9-a1f757ac44f7-medium.png","largeIconUri":"/9042321798196042196/N174f9920-5ae2-40b8-aa89-3f00f6985fac-large.png","wideIconUri":"/9042321798196042196/N7f69afc4-7302-440f-b84c-9751d8612463-wide.png"},"connectionReferences":{"a96f662d-cb42-4027-88c6-c239b8de966d":{"id":"5f9d62cd-bfa9-4feb-b12e-c4b5ebecb29c","displayName":"Office 365 Outlook","iconUri":"https://connectoricons-prod.azureedge.net/office365/icon_1.0.1008.1183.png","dataSources":["Office365"],"dependencies":[],"dependents":[],"parameterHints":{},"isOnPremiseConnection":false,"bypassConsent":false,"dataSets":{},"apiTier":"Standard","isCustomApiConnection":false}},"almMode":"Environment"}}}