{"schemaVersion":"1.0","appDefinitionTemplate":{"id":"/providers/Microsoft.PowerApps/apps/","type":"Microsoft.PowerApps/apps","tags":{"minimumRequiredApiVersion":"2.2.0"},"properties":{"appVersion":"2019-07-20T19:49:05Z","lifeCycleId":"Published","createdByClientVersion":{"major":3,"minor":19072,"build":12,"revision":0,"majorRevision":0,"minorRevision":0},"minClientVersion":{"major":3,"minor":19072,"build":12,"revision":0,"majorRevision":0,"minorRevision":0},"backgroundColor":"rgba(0, 176, 240, 1)","backgroundImageUri":"/8800995337402954300/Na54e63ce-a10f-472f-a536-f086e35f2823-logoSmallFile","displayName":"AppLauncherDemo","description":"","appUris":{"documentUri":{"value":"/8800995337402954300/Neb306a9e-79e5-448c-8ab4-21b53a192f59-document.msapp","readonlyValue":"/8800995337402954300/Neb306a9e-79e5-448c-8ab4-21b53a192f59-document.msapp"},"imageUris":[]},"createdTime":"0001-01-01T00:00:00Z","lastModifiedTime":"0001-01-01T00:00:00Z","sharedGroupsCount":0,"sharedUsersCount":0,"icons":{"smallIconUri":"/8800995337402954300/Nfd7ada48-057c-4b2b-9efe-3661cd546b22-small.png","mediumIconUri":"/8800995337402954300/N5ec16656-665a-4bd4-bf3a-0b382d9c5b94-medium.png","largeIconUri":"/8800995337402954300/N06162747-841d-41cb-8094-4252485d73f1-large.png","wideIconUri":"/8800995337402954300/N163cfd80-4cd8-4a2a-b382-07df1a984676-wide.png"},"connectionReferences":{"e94675b4-9e83-46a2-aa5e-d490b346b8b2":{"id":"5281bae8-5fb1-4cc2-bf02-4a2f28304743","displayName":"Office 365 Users","iconUri":"https://cpgeneralstore.blob.core.windows.net/officialicons/office365users/icon_1.0.1208.1583.png","dataSources":["Office365Users"],"dependencies":[],"dependents":[],"parameterHints":{},"isOnPremiseConnection":false,"bypassConsent":false,"dataSets":{},"apiTier":"Standard","isCustomApiConnection":false}},"databaseReferences":{},"almMode":"Environment"}}}