{"schemaVersion":"1.0","appDefinitionTemplate":{"id":"/providers/Microsoft.PowerApps/apps/","type":"Microsoft.PowerApps/apps","tags":{"minimumRequiredApiVersion":"2.2.0"},"properties":{"appVersion":"2019-10-15T20:17:14Z","lifeCycleId":"Published","createdByClientVersion":{"major":3,"minor":19093,"build":16,"revision":0,"majorRevision":0,"minorRevision":0},"minClientVersion":{"major":3,"minor":19093,"build":16,"revision":0,"majorRevision":0,"minorRevision":0},"backgroundColor":"rgba(165, 34, 55, 1)","backgroundImageUri":"/7903748350318225011/N1bece5fe-fc6d-49d8-9f73-ce53d09622d1-logoSmallFile","displayName":"SVGs","description":"","commitMessage":"","appUris":{"documentUri":{"value":"/7903748350318225011/Nf9c7f10f-0f0d-4a41-bff5-59eb82ec9406-document.msapp","readonlyValue":"/7903748350318225011/Nf9c7f10f-0f0d-4a41-bff5-59eb82ec9406-document.msapp"},"imageUris":[]},"createdTime":"0001-01-01T00:00:00Z","lastModifiedTime":"0001-01-01T00:00:00Z","sharedGroupsCount":0,"sharedUsersCount":0,"icons":{"smallIconUri":"/7903748350318225011/N2ab3fb09-f87f-455f-a112-5a8202bd26ca-small.png","mediumIconUri":"/7903748350318225011/N43eb0618-e48f-4a38-9fb1-058746a936b8-medium.png","largeIconUri":"/7903748350318225011/Nb7b19231-6247-4a74-8204-d06daca116f0-large.png","wideIconUri":"/7903748350318225011/Nc68c0664-7e72-4c99-a2ed-418b7e20e78a-wide.png"},"connectionReferences":{"7ee18c33-2cb0-4ecc-8824-ddff7e4fd4bd":{"id":"63c54081-ec6f-45cd-8ef1-c172d3a6c8c2","displayName":"SharePoint","iconUri":"https://connectoricons-prod.azureedge.net/sharepointonline/icon_1.0.1272.1735.png","dataSources":["Office Locations"],"dependencies":[],"dependents":[],"parameterHints":{},"isOnPremiseConnection":false,"bypassConsent":false,"dataSets":{"https://amdsolutions.sharepoint.com/":{"dataSources":{"Office Locations":{"tableName":"c37618b1-23f7-4b17-97db-20aab8408c08"}}}},"apiTier":"Standard","isCustomApiConnection":false},"f9185b67-9f78-47cd-8e77-be5643e26078":{"id":"d73585c3-f097-4206-89b4-61e54f3c4756","displayName":"Excel","iconUri":"https://connectoricons-prod.azureedge.net/excel/icon_1.0.1261.1716.png","dataSources":["States"],"dependencies":["449ae69a-d90a-4d0e-b459-28a2babad2cb"],"dependents":[],"parameterHints":{"449ae69a-d90a-4d0e-b459-28a2babad2cb":{"value":"fileSource"}},"isOnPremiseConnection":false,"bypassConsent":false,"dataSets":{"b!qZZeRWNN6E2CcdvqzUU7ofUtVHZlcf5Nt4Z63okl1gN0Y0Z0VdWjQaEGwdBPoq7H.01JHZSBWYIZUEERN6S2VHZ5JFTKGX7SMG7":{"dataSources":{"States":{"tableName":"States"}}}},"apiTier":"Standard","isCustomApiConnection":false},"449ae69a-d90a-4d0e-b459-28a2babad2cb":{"id":"a0c99daa-8e9f-453c-b32b-b27965c15f0e","displayName":"OneDrive for Business","iconUri":"https://connectoricons-prod.azureedge.net/onedriveforbusiness/icon_1.0.1261.1716.png","dataSources":[],"dependencies":[],"dependents":["f9185b67-9f78-47cd-8e77-be5643e26078"],"parameterHints":{},"isOnPremiseConnection":false,"bypassConsent":false,"dataSets":{},"apiTier":"Standard","isCustomApiConnection":false},"2b5db0c9-578a-4b65-a023-083907ceb1ac":{"id":"bae3d8b9-f22f-4d7b-8407-7a9c78a7e718","displayName":"Office 365 Users","iconUri":"https://connectoricons-prod.azureedge.net/office365users/icon_1.0.1258.1715.png","dataSources":["Office365Users"],"dependencies":[],"dependents":[],"parameterHints":{},"isOnPremiseConnection":false,"bypassConsent":false,"dataSets":{},"apiTier":"Standard","isCustomApiConnection":false}},"databaseReferences":{},"almMode":"Environment"},"appComponents":[]}}