<ImportExportXml version="9.1.0.23474" SolutionPackageVersion="9.1" languagecode="1033" generatedBy="CrmLive" xmlns:xsi="http://www.w3.org/2001/XMLSchema-instance">
  <SolutionManifest>
    <UniqueName>ConferenceApp</UniqueName>
    <LocalizedNames>
      <LocalizedName description="Conference" languagecode="1033" />
    </LocalizedNames>
    <Descriptions />
    <Version>1.0.0.8</Version>
    <Managed>0</Managed>
    <Publisher>
      <UniqueName>catteam</UniqueName>
      <LocalizedNames>
        <LocalizedName description="CAT Team" languagecode="1033" />
      </LocalizedNames>
      <Descriptions />
      <EMailAddress xsi:nil="true"></EMailAddress>
      <SupportingWebsiteUrl xsi:nil="true"></SupportingWebsiteUrl>
      <CustomizationPrefix>cat</CustomizationPrefix>
      <CustomizationOptionValuePrefix>80906</CustomizationOptionValuePrefix>
      <Addresses>
        <Address>
          <AddressNumber>1</AddressNumber>
          <AddressTypeCode>1</AddressTypeCode>
          <City xsi:nil="true"></City>
          <County xsi:nil="true"></County>
          <Country xsi:nil="true"></Country>
          <Fax xsi:nil="true"></Fax>
          <FreightTermsCode xsi:nil="true"></FreightTermsCode>
          <ImportSequenceNumber xsi:nil="true"></ImportSequenceNumber>
          <Latitude xsi:nil="true"></Latitude>
          <Line1 xsi:nil="true"></Line1>
          <Line2 xsi:nil="true"></Line2>
          <Line3 xsi:nil="true"></Line3>
          <Longitude xsi:nil="true"></Longitude>
          <Name xsi:nil="true"></Name>
          <PostalCode xsi:nil="true"></PostalCode>
          <PostOfficeBox xsi:nil="true"></PostOfficeBox>
          <PrimaryContactName xsi:nil="true"></PrimaryContactName>
          <ShippingMethodCode>1</ShippingMethodCode>
          <StateOrProvince xsi:nil="true"></StateOrProvince>
          <Telephone1 xsi:nil="true"></Telephone1>
          <Telephone2 xsi:nil="true"></Telephone2>
          <Telephone3 xsi:nil="true"></Telephone3>
          <TimeZoneRuleVersionNumber xsi:nil="true"></TimeZoneRuleVersionNumber>
          <UPSZone xsi:nil="true"></UPSZone>
          <UTCOffset xsi:nil="true"></UTCOffset>
          <UTCConversionTimeZoneCode xsi:nil="true"></UTCConversionTimeZoneCode>
        </Address>
        <Address>
          <AddressNumber>2</AddressNumber>
          <AddressTypeCode>1</AddressTypeCode>
          <City xsi:nil="true"></City>
          <County xsi:nil="true"></County>
          <Country xsi:nil="true"></Country>
          <Fax xsi:nil="true"></Fax>
          <FreightTermsCode xsi:nil="true"></FreightTermsCode>
          <ImportSequenceNumber xsi:nil="true"></ImportSequenceNumber>
          <Latitude xsi:nil="true"></Latitude>
          <Line1 xsi:nil="true"></Line1>
          <Line2 xsi:nil="true"></Line2>
          <Line3 xsi:nil="true"></Line3>
          <Longitude xsi:nil="true"></Longitude>
          <Name xsi:nil="true"></Name>
          <PostalCode xsi:nil="true"></PostalCode>
          <PostOfficeBox xsi:nil="true"></PostOfficeBox>
          <PrimaryContactName xsi:nil="true"></PrimaryContactName>
          <ShippingMethodCode>1</ShippingMethodCode>
          <StateOrProvince xsi:nil="true"></StateOrProvince>
          <Telephone1 xsi:nil="true"></Telephone1>
          <Telephone2 xsi:nil="true"></Telephone2>
          <Telephone3 xsi:nil="true"></Telephone3>
          <TimeZoneRuleVersionNumber xsi:nil="true"></TimeZoneRuleVersionNumber>
          <UPSZone xsi:nil="true"></UPSZone>
          <UTCOffset xsi:nil="true"></UTCOffset>
          <UTCConversionTimeZoneCode xsi:nil="true"></UTCConversionTimeZoneCode>
        </Address>
      </Addresses>
    </Publisher>
    <RootComponents>
      <RootComponent type="1" schemaName="cat_agenda" behavior="0" />
      <RootComponent type="1" schemaName="cat_eventevals" behavior="0" />
      <RootComponent type="1" schemaName="cat_registrations" behavior="0" />
      <RootComponent type="1" schemaName="cat_schedules" behavior="0" />
      <RootComponent type="1" schemaName="cat_surveyresults" behavior="0" />
      <RootComponent type="1" schemaName="crde8_faq" behavior="0" />
      <RootComponent type="1" schemaName="crde8_feed" behavior="0" />
      <RootComponent type="1" schemaName="crde8_session" behavior="0" />
      <RootComponent type="1" schemaName="crde8_speaker" behavior="0" />
      <RootComponent type="1" schemaName="crde8_venue" behavior="0" />
      <RootComponent type="9" schemaName="crde8_level" behavior="0" />
      <RootComponent type="9" schemaName="crde8_sessiontype" behavior="0" />
      <RootComponent type="9" schemaName="crde8_track" behavior="0" />
      <RootComponent type="60" id="{4049fb8b-3a05-4b09-9720-38f91df5fb3a}" behavior="0" />
      <RootComponent type="60" id="{44e0ce93-1fa5-4b32-a3a9-0f872c8ee836}" behavior="0" />
      <RootComponent type="60" id="{596fc564-bef2-4d83-8519-248e2c5e58c7}" behavior="0" />
      <RootComponent type="60" id="{5becd196-b357-4cac-a806-f807098e6e24}" behavior="0" />
      <RootComponent type="60" id="{6fa3c190-6ae1-4456-b18c-578912594fb8}" behavior="0" />
      <RootComponent type="60" id="{9bc4f48f-c99f-4967-a0c0-f66078b6945e}" behavior="0" />
      <RootComponent type="60" id="{be8ff2e9-aefa-43a3-8c06-fb4956d2919c}" behavior="0" />
      <RootComponent type="60" id="{fac6789f-325d-4696-85b5-e5d67c7e5290}" behavior="0" />
      <RootComponent type="62" schemaName="crde8_ConfappManagement" behavior="0" />
      <RootComponent type="80" schemaName="crde8_ConfappManagement" behavior="0" />
      <RootComponent type="300" schemaName="cat_eventscheduler_f3b7f" behavior="0" />
    </RootComponents>
    <MissingDependencies>
      <MissingDependency>
        <Required key="0" type="1" schemaName="crde8_interest" displayName="Interest" solution="Active" />
        <Dependent key="1" type="60" displayName="Information" parentDisplayName="Speaker" id="{6432f1e7-474c-4236-ad50-f4a04c6fcaf3}" />
      </MissingDependency>
      <MissingDependency>
        <Required key="2" type="10" schemaName="crde8_Speaker_crde8_Speaker_crde8_Interes" displayName="crde8_Speaker_crde8_Speaker_crde8_Interes" parentSchemaName="crde8_speaker" parentDisplayName="Speaker" solution="Active" />
        <Dependent key="1" type="60" displayName="Information" parentDisplayName="Speaker" id="{6432f1e7-474c-4236-ad50-f4a04c6fcaf3}" />
      </MissingDependency>
      <MissingDependency>
        <Required key="3" type="26" schemaName="Active Interests" displayName="Active Interests" parentSchemaName="crde8_interest" parentDisplayName="Interest" solution="Active" id="{b9902851-c2f2-4ede-8be3-2bdec620e573}" />
        <Dependent key="1" type="60" displayName="Information" parentDisplayName="Speaker" id="{6432f1e7-474c-4236-ad50-f4a04c6fcaf3}" />
      </MissingDependency>
      <MissingDependency>
        <Required key="4" type="66" schemaName="MscrmControls.Canvas.CanvasRecordControl" displayName="MscrmControls.Canvas.CanvasRecordControl" solution="BaseCustomControlsCore (9.0.2009.2011)" />
        <Dependent key="5" type="60" displayName="Information" parentDisplayName="Feed" id="{44e0ce93-1fa5-4b32-a3a9-0f872c8ee836}" />
      </MissingDependency>
      <MissingDependency>
        <Required key="4" type="66" schemaName="MscrmControls.Canvas.CanvasRecordControl" displayName="MscrmControls.Canvas.CanvasRecordControl" solution="BaseCustomControlsCore (9.0.2009.2011)" />
        <Dependent key="6" type="60" displayName="Information" parentDisplayName="Session" id="{6fa3c190-6ae1-4456-b18c-578912594fb8}" />
      </MissingDependency>
      <MissingDependency>
        <Required key="7" type="1" schemaName="crde8_comment" displayName="Comment" solution="Active" />
        <Dependent key="8" type="80" schemaName="crde8_ConfappManagement" displayName="Conference Admin App" />
      </MissingDependency>
      <MissingDependency>
        <Required key="9" type="61" schemaName="msdyn_/Images/AppModule_Default_Icon.png" displayName="msdyn_/Images/AppModule_Default_Icon.png" solution="AppModuleWebResources (2.5)" />
        <Dependent key="8" type="80" schemaName="crde8_ConfappManagement" displayName="Conference Admin App" />
      </MissingDependency>
      <MissingDependency>
        <Required key="7" type="1" schemaName="crde8_comment" displayName="Comment" solution="Active" />
        <Dependent key="10" type="62" schemaName="crde8_ConfappManagement" />
      </MissingDependency>
      <MissingDependency>
        <Required key="11" type="61" schemaName="msdyn_/Images/Area_Default_Icon.png" displayName="msdyn_/Images/Area_Default_Icon.png" solution="AppModuleWebResources (2.5)" />
        <Dependent key="10" type="62" schemaName="crde8_ConfappManagement" />
      </MissingDependency>
      <MissingDependency>
        <Required key="7" type="1" schemaName="crde8_comment" displayName="Comment" solution="Active" />
        <Dependent key="12" type="1" schemaName="crde8_session" displayName="Session" />
      </MissingDependency>
      <MissingDependency>
        <Required key="0" type="1" schemaName="crde8_interest" displayName="Interest" solution="Active" />
        <Dependent key="13" type="1" schemaName="crde8_speaker" displayName="Speaker" />
      </MissingDependency>
    </MissingDependencies>
  </SolutionManifest>
</ImportExportXml>