{"name":"489c42a2-52b9-4894-84f9-87a552437cc8","id":"/providers/Microsoft.Flow/flows/489c42a2-52b9-4894-84f9-87a552437cc8","type":"Microsoft.Flow/flows","properties":{"apiId":"/providers/Microsoft.PowerApps/apis/shared_logicflows","displayName":"Lost and Found Image","definition":{"metadata":{"workflowEntityId":null,"creator":{"id":"2dad8891-58c1-4e61-966f-ad9813ab1365","type":"User","tenantId":"33df2eae-8315-4a6f-ab5f-af2a67d46f37"},"provisioningMethod":"FromDefinition","failureAlertSubscription":true,"clientLastModifiedTime":"2020-08-03T17:33:32.987999Z"},"$schema":"https://schema.management.azure.com/providers/Microsoft.Logic/schemas/2016-06-01/workflowdefinition.json#","contentVersion":"1.0.0.0","parameters":{"$connections":{"defaultValue":{},"type":"Object"},"$authentication":{"defaultValue":{},"type":"SecureObject"}},"triggers":{"manual":{"type":"Request","kind":"PowerApp","inputs":{"schema":{"type":"object","properties":{"ParseJSON_Content":{"type":"any","x-ms-powerflows-param-ispartial":false},"LostandFoundItemUpdate_Id":{"type":"integer","format":"int64","description":"Unique identifier of item to be updated","x-ms-powerflows-param-ispartial":false},"LostandFoundItemUpdate_Title":{"type":"string","x-ms-powerflows-param-ispartial":false}},"required":["ParseJSON_Content","LostandFoundItemUpdate_Id","LostandFoundItemUpdate_Title"]}}}},"actions":{"Parse_JSON":{"runAfter":{},"type":"ParseJson","inputs":{"content":"@triggerBody()['ParseJSON_Content']","schema":{"type":"array","items":{"type":"object","properties":{"Name":{"type":"string"},"Pic":{"type":"string"}},"required":["Name","Pic"]}}}},"Apply_to_each":{"foreach":"@body('Parse_JSON')","actions":{"Create_file":{"runAfter":{},"metadata":{"flowSystemMetadata":{"swaggerOperationId":"CreateFile"}},"type":"ApiConnection","inputs":{"host":{"connection":{"name":"@json(decodeBase64(triggerOutputs().headers['X-MS-APIM-Tokens']))['$connections']['shared_sharepointonline']['connectionId']"},"api":{"runtimeUrl":"https://unitedstates-002.azure-apim.net/apim/sharepointonline"}},"method":"post","body":"@decodeDataUri(item()['Pic'])","path":"/datasets/@{encodeURIComponent(encodeURIComponent('https://axecapitalcorp.sharepoint.com/sites/AxeCommunication'))}/files","queries":{"folderPath":"/LostAndFoundImages","name":"@items('Apply_to_each')['Name']","queryParametersSingleEncoded":true},"authentication":{"type":"Raw","value":"@json(decodeBase64(triggerOutputs().headers['X-MS-APIM-Tokens']))['$ConnectionKey']"}},"runtimeConfiguration":{"contentTransfer":{"transferMode":"Chunked"}}},"Lost_and_Found_Item_Update":{"runAfter":{"Create_file":["Succeeded"]},"metadata":{"flowSystemMetadata":{"swaggerOperationId":"PatchItem"}},"type":"ApiConnection","inputs":{"host":{"connection":{"name":"@json(decodeBase64(triggerOutputs().headers['X-MS-APIM-Tokens']))['$connections']['shared_sharepointonline']['connectionId']"},"api":{"runtimeUrl":"https://unitedstates-002.azure-apim.net/apim/sharepointonline"}},"method":"patch","body":{"Title":"@triggerBody()['LostandFoundItemUpdate_Title']","Photo":"https://axecapitalcorp.sharepoint.com/sites/AxeCommunication/@{body('Create_file')?['Path']}","PhotoID":"@{body('Create_file')?['ItemId']}"},"path":"/datasets/@{encodeURIComponent(encodeURIComponent('https://axecapitalcorp.sharepoint.com/sites/AxeCommunication'))}/tables/@{encodeURIComponent(encodeURIComponent('3085d10b-9bbc-49e6-b8f2-90d6286ed37e'))}/items/@{encodeURIComponent(triggerBody()['LostandFoundItemUpdate_Id'])}","authentication":{"type":"Raw","value":"@json(decodeBase64(triggerOutputs().headers['X-MS-APIM-Tokens']))['$ConnectionKey']"}}}},"runAfter":{"Parse_JSON":["Succeeded"]},"type":"Foreach"}}},"connectionReferences":{"shared_sharepointonline":{"connectionName":"3bf42c5ac2964f86ad79806552577077","source":"Invoker","id":"/providers/Microsoft.PowerApps/apis/shared_sharepointonline","tier":"NotSpecified"}},"flowFailureAlertSubscribed":false}}