{"name":"4039b7c4-3cbe-45cb-87b5-60e963c5a2ba","id":"/providers/Microsoft.Flow/flows/4039b7c4-3cbe-45cb-87b5-60e963c5a2ba","type":"Microsoft.Flow/flows","properties":{"apiId":"/providers/Microsoft.PowerApps/apis/shared_logicflows","displayName":"Team Requests Approval Flow","definition":{"metadata":{"workflowEntityId":null,"creator":{"id":"2dad8891-58c1-4e61-966f-ad9813ab1365","type":"User","tenantId":"33df2eae-8315-4a6f-ab5f-af2a67d46f37"},"provisioningMethod":"FromDefinition","failureAlertSubscription":true,"clientLastModifiedTime":"2020-06-30T01:46:20.2089706Z"},"$schema":"https://schema.management.azure.com/providers/Microsoft.Logic/schemas/2016-06-01/workflowdefinition.json#","contentVersion":"1.0.0.0","parameters":{"$connections":{"defaultValue":{},"type":"Object"},"$authentication":{"defaultValue":{},"type":"SecureObject"}},"triggers":{"!_When_an_item_is_created":{"recurrence":{"frequency":"Minute","interval":3},"splitOn":"@triggerBody()?['value']","metadata":{"flowSystemMetadata":{"swaggerOperationId":"GetOnNewItems"}},"type":"ApiConnection","inputs":{"host":{"connection":{"name":"@parameters('$connections')['shared_sharepointonline']['connectionId']"},"api":{"runtimeUrl":"https://unitedstates-002.azure-apim.net/apim/sharepointonline"}},"method":"get","path":"/datasets/@{encodeURIComponent(encodeURIComponent('https://axecapitalcorp.sharepoint.com/sites/IT'))}/tables/@{encodeURIComponent(encodeURIComponent('3ad32e93-1ea6-49fe-a314-d2e692d8b7ff'))}/onnewitems","authentication":"@parameters('$authentication')"},"description":"Point this to your SharePoint Site Address and the Teams Requests List"}},"actions":{"Initialize_variable_-_Team_Owners_Array":{"runAfter":{"!_Approver_Email_ids":["Succeeded"]},"type":"InitializeVariable","inputs":{"variables":[{"name":"TeamOwners","type":"array"}]}},"Initialize_variable_-_Team_Members_Array":{"runAfter":{"Initialize_variable_-_Team_Owners_Array_with_Graph_Urls":["Succeeded"]},"type":"InitializeVariable","inputs":{"variables":[{"name":"TeamMembers","type":"array"}]}},"Initialize_variable_-_Team_Owners_Array_with_Graph_Urls":{"runAfter":{"Initialize_variable_-_Team_Owners_Array":["Succeeded"]},"type":"InitializeVariable","inputs":{"variables":[{"name":"TeamOwnersGraphURLs","type":"array"}]}},"Initialize_variable_-_Team_Members_Array_with_Graph_Urls":{"runAfter":{"Initialize_variable_-_Team_Members_Array":["Succeeded"]},"type":"InitializeVariable","inputs":{"variables":[{"name":"TeamMembersGraphURLs","type":"array"}]}},"!_Approver_Email_ids":{"runAfter":{},"type":"Compose","inputs":"adunnam@axecapitalcorp.onmicrosoft.com","description":"Enter e-mail addresses of approvers separated by ;"},"!_Check_if_approved_or_not":{"actions":{"Group_Id":{"runAfter":{"Invoke_an_HTTP_request_-_Create_a_group":["Succeeded"]},"type":"Compose","inputs":"@body('Invoke_an_HTTP_request_-_Create_a_group')?['id']"},"Invoke_an_HTTP_request_-_Put_a_team_for_the_created_group":{"runAfter":{"Format_Teams_Request_Body":["Succeeded"]},"metadata":{"flowSystemMetadata":{"swaggerOperationId":"InvokeHttp"}},"type":"ApiConnection","inputs":{"host":{"connection":{"name":"@parameters('$connections')['shared_webcontents']['connectionId']"},"api":{"runtimeUrl":"https://unitedstates-002.azure-apim.net/apim/webcontents"}},"method":"post","body":{"method":"PUT","url":"https://graph.microsoft.com/v1.0/groups/@{outputs('Group_Id')}/team","headers":{"Content-type":"application/json"},"body":"@{base64(outputs('Format_Teams_Request_Body'))}"},"path":"/codeless/InvokeHttp","authentication":"@parameters('$authentication')","retryPolicy":{"type":"fixed","count":3,"interval":"PT10S"}}},"Invoke_an_HTTP_request_-_Create_a_group":{"runAfter":{"Request_body_for_Create_a_group_request_below":["Succeeded"]},"metadata":{"flowSystemMetadata":{"swaggerOperationId":"InvokeHttp"}},"type":"ApiConnection","inputs":{"host":{"connection":{"name":"@parameters('$connections')['shared_webcontents']['connectionId']"},"api":{"runtimeUrl":"https://unitedstates-002.azure-apim.net/apim/webcontents"}},"method":"post","body":{"method":"POST","url":"https://graph.microsoft.com/v1.0/groups","headers":{"Content-Type":"application/json"},"body":"@{base64(outputs('Request_body_for_Create_a_group_request_below'))}"},"path":"/codeless/InvokeHttp","authentication":"@parameters('$authentication')"}},"Request_body_for_Create_a_group_request_below":{"runAfter":{},"type":"Compose","inputs":{"displayName":"@{triggerBody()?['Title']}","groupTypes":["Unified"],"mailEnabled":true,"mailNickname":"@replace(triggerBody()?['Title'],' ','')","visibility":"@{toLower(triggerBody()?['Team_x0020_Type'])}","securityEnabled":false,"owners@odata.bind":"@variables('TeamOwnersGraphURLs')","members@odata.bind":"@variables('TeamMembersGraphURLs')"}},"Current_time":{"runAfter":{"Invoke_an_HTTP_request_-_Put_a_team_for_the_created_group":["Succeeded"]},"type":"Expression","kind":"CurrentTime","inputs":{}},"!_Update_item_with_status_as_Approved_and_add_Team_URL":{"runAfter":{"Send_a_Team_approved_email_to_requestor":["Succeeded"]},"metadata":{"flowSystemMetadata":{"swaggerOperationId":"PatchItem"}},"type":"ApiConnection","inputs":{"host":{"connection":{"name":"@parameters('$connections')['shared_sharepointonline']['connectionId']"},"api":{"runtimeUrl":"https://unitedstates-002.azure-apim.net/apim/sharepointonline"}},"method":"patch","body":{"Title":"@triggerBody()?['Title']","Approval_x0020_Date":"@body('Current_time')","Approval_x0020_Status":"Approved","Created_x0020_Team_x0020_Url":"@{body('Invoke_an_HTTP_request_-_Put_a_team_for_the_created_group')?['webUrl']}"},"path":"/datasets/@{encodeURIComponent(encodeURIComponent('https://axecapitalcorp.sharepoint.com/sites/IT'))}/tables/@{encodeURIComponent(encodeURIComponent('3ad32e93-1ea6-49fe-a314-d2e692d8b7ff'))}/items/@{encodeURIComponent(triggerBody()?['ID'])}","authentication":"@parameters('$authentication')"}},"Send_a_Team_approved_email_to_requestor":{"runAfter":{"Current_time":["Succeeded"]},"metadata":{"flowSystemMetadata":{"swaggerOperationId":"SendEmailV2"}},"type":"ApiConnection","inputs":{"host":{"connection":{"name":"@parameters('$connections')['shared_office365']['connectionId']"},"api":{"runtimeUrl":"https://unitedstates-002.azure-apim.net/apim/office365"}},"method":"post","body":{"To":"@triggerBody()?['Author']?['Email']","Subject":"New Team Request Approved - @{triggerBody()?['Team_x0020_Name']}","Body":"<p>Your request for a new Team has been approved!<br>\n<br>\nTeam Name - @{triggerBody()?['Team_x0020_Name']}<br>\nOwners - @{join(variables('TeamOwners'),', ')}<br>\nMembers - @{join(variables('TeamMembers'),', ')}<br>\n<br>\n<a href=\"@{body('Invoke_an_HTTP_request_-_Put_a_team_for_the_created_group')?['webUrl']}\">Link to the Team</a></p>"},"path":"/v2/Mail","authentication":"@parameters('$authentication')"}},"!_Get_Governance_Settings":{"runAfter":{"Group_Id":["Succeeded"]},"metadata":{"flowSystemMetadata":{"swaggerOperationId":"GetItem"}},"type":"ApiConnection","inputs":{"host":{"connection":{"name":"@parameters('$connections')['shared_sharepointonline']['connectionId']"},"api":{"runtimeUrl":"https://unitedstates-002.azure-apim.net/apim/sharepointonline"}},"method":"get","path":"/datasets/@{encodeURIComponent(encodeURIComponent('https://axecapitalcorp.sharepoint.com/sites/IT'))}/tables/@{encodeURIComponent(encodeURIComponent('c8f58d4b-d606-4925-943b-a60f696d42bd'))}/items/@{encodeURIComponent('2')}","authentication":"@parameters('$authentication')"},"description":"CHange the ID to the ID Number of the Governance Settings you want to adhere to"},"Format_Teams_Request_Body":{"runAfter":{"!_Get_Governance_Settings":["Succeeded"]},"type":"Compose","inputs":{"memberSettings":{"allowCreateUpdateChannels":"@body('!_Get_Governance_Settings')?['Allow_x0020_Members_x0020_to_x00']"},"messagingSettings":{"allowUserEditMessages":"@body('!_Get_Governance_Settings')?['Allow_x0020_User_x0020_to_x0020_']","allowUserDeleteMessages":"@body('!_Get_Governance_Settings')?['Allow_x0020_User_x0020_to_x0020_0']"},"funSettings":{"allowGiphy":"@body('!_Get_Governance_Settings')?['Allow_x0020_Giphy']","giphyContentRating":"strict"}}}},"runAfter":{"!_Send_Out_Approval_Email":["Succeeded"]},"else":{"actions":{"!_Update_item_with_status_as_Rejected":{"runAfter":{"Send_an_email_to_requestor_with_comments":["Succeeded"]},"metadata":{"flowSystemMetadata":{"swaggerOperationId":"PatchItem"}},"type":"ApiConnection","inputs":{"host":{"connection":{"name":"@parameters('$connections')['shared_sharepointonline']['connectionId']"},"api":{"runtimeUrl":"https://unitedstates-002.azure-apim.net/apim/sharepointonline"}},"method":"patch","body":{"Title":"@triggerBody()?['Title']","Approval_x0020_Status":"Rejected"},"path":"/datasets/@{encodeURIComponent(encodeURIComponent('https://axecapitalcorp.sharepoint.com/sites/IT'))}/tables/@{encodeURIComponent(encodeURIComponent('3ad32e93-1ea6-49fe-a314-d2e692d8b7ff'))}/items/@{encodeURIComponent(triggerBody()?['ID'])}","authentication":"@parameters('$authentication')"}},"Send_an_email_to_requestor_with_comments":{"runAfter":{},"metadata":{"flowSystemMetadata":{"swaggerOperationId":"SendEmailV2"}},"type":"ApiConnection","inputs":{"host":{"connection":{"name":"@parameters('$connections')['shared_office365']['connectionId']"},"api":{"runtimeUrl":"https://unitedstates-002.azure-apim.net/apim/office365"}},"method":"post","body":{"To":"@triggerBody()?['Author']?['Email']","Subject":"Your request for the new team - @{triggerBody()?['Team_x0020_Name']} was rejected.","Body":"<p>Rejected</p>"},"path":"/v2/Mail","authentication":"@parameters('$authentication')"}}}},"expression":{"equals":["@body('!_Send_Out_Approval_Email')?['SelectedOption']","Approve"]},"type":"If"},"Scope":{"actions":{"Create_Team_Owners_Array":{"foreach":"@triggerBody()?['Owners']","actions":{"Append_to_array_variable":{"runAfter":{},"type":"AppendToArrayVariable","inputs":{"name":"TeamOwners","value":"@items('Create_Team_Owners_Array')?['Email']"}}},"runAfter":{},"type":"Foreach"},"Create_Team_Owners_with_Graph_URLs_Array_":{"foreach":"@triggerBody()?['Owners']","actions":{"Append_to_array_variable_3":{"runAfter":{},"type":"AppendToArrayVariable","inputs":{"name":"TeamOwnersGraphURLs","value":"https://graph.microsoft.com/v1.0/users/@{items('Create_Team_Owners_with_Graph_URLs_Array_')?['Email']}"}}},"runAfter":{"Create_Team_Owners_Array":["Succeeded"]},"type":"Foreach"},"Create_Team_Members_Array":{"foreach":"@triggerBody()?['Members']","actions":{"Append_to_array_variable_2":{"runAfter":{},"type":"AppendToArrayVariable","inputs":{"name":"TeamMembers","value":"@items('Create_Team_Members_Array')?['Email']"}}},"runAfter":{"Create_Team_Owners_with_Graph_URLs_Array_":["Succeeded"]},"type":"Foreach"},"Create_Team_Members_with_Graph_URLs_Array":{"foreach":"@triggerBody()?['Members']","actions":{"Append_to_array_variable_4":{"runAfter":{},"type":"AppendToArrayVariable","inputs":{"name":"TeamMembersGraphURLs","value":"https://graph.microsoft.com/v1.0/users/@{items('Create_Team_Members_with_Graph_URLs_Array')?['Email']}"}}},"runAfter":{"Create_Team_Members_Array":["Succeeded"]},"type":"Foreach"}},"runAfter":{"Initialize_variable_-_Team_Members_Array_with_Graph_Urls":["Succeeded"]},"type":"Scope"},"!_Send_Out_Approval_Email":{"runAfter":{"Scope":["Succeeded"]},"metadata":{"flowSystemMetadata":{"swaggerOperationId":"SendMailWithOptions"}},"type":"ApiConnectionWebhook","inputs":{"host":{"connection":{"name":"@parameters('$connections')['shared_office365']['connectionId']"},"api":{"runtimeUrl":"https://unitedstates-002.azure-apim.net/apim/office365"}},"body":{"NotificationUrl":"@{listCallbackUrl()}","Message":{"To":"adunnam@axecapitalcorp.onmicrosoft.com","Subject":"New Team Request - @{triggerBody()?['Team_x0020_Name']} from @{triggerBody()?['Author']?['DisplayName']}","Options":"Approve, Reject","Body":"Team Name - @{triggerBody()?['Team_x0020_Name']}\n\nOwners - @{join(variables('TeamOwners'),', ')}\nMembers - @{join(variables('TeamMembers'),', ')}","Importance":"Normal"}},"path":"/mailwithoptions/$subscriptions","authentication":"@parameters('$authentication')"}}},"description":"This flow will be triggered every time a new item is added in the OrgTeamsRequests SP List.\n\nPlease edit all the actions marked 🟡 before you test the Power App.\n\nItems to edit -\n1. SharePoint Site URL\n2. SharePoint List name\n3. Approver E-mail Ids.\n\nThe reason why we didn't trigger this flow through PowerApps is because the flow would have run in context of the user, however, for the Graph HTTP requests to work, the flow needs to be run in context of the Office 365 admin."},"connectionReferences":{"shared_webcontents":{"connectionName":"77e9317787df4d0eb094a741d29e4726","source":"Embedded","id":"/providers/Microsoft.PowerApps/apis/shared_webcontents","tier":"NotSpecified"},"shared_sharepointonline":{"connectionName":"5939b5251b6f4f109644ae902e5039b8","source":"Embedded","id":"/providers/Microsoft.PowerApps/apis/shared_sharepointonline","tier":"NotSpecified"},"shared_office365":{"connectionName":"837ff6426d9b4c5280053ab006cbd561","source":"Embedded","id":"/providers/Microsoft.PowerApps/apis/shared_office365","tier":"NotSpecified"}},"flowFailureAlertSubscribed":false}}