{"name":"7a6a3054-fefe-4712-8af7-9267caa5498c","id":"/providers/Microsoft.Flow/flows/7a6a3054-fefe-4712-8af7-9267caa5498c","type":"Microsoft.Flow/flows","properties":{"apiId":"/providers/Microsoft.PowerApps/apis/shared_logicflows","displayName":"Winner Winner Picker","definition":{"metadata":{"workflowEntityId":null,"creator":{"id":"2dad8891-58c1-4e61-966f-ad9813ab1365","type":"User","tenantId":"33df2eae-8315-4a6f-ab5f-af2a67d46f37"},"provisioningMethod":"FromDefinition","failureAlertSubscription":true,"clientLastModifiedTime":"2020-06-15T22:02:53.3568692Z"},"$schema":"https://schema.management.azure.com/providers/Microsoft.Logic/schemas/2016-06-01/workflowdefinition.json#","contentVersion":"1.0.0.0","parameters":{"$connections":{"defaultValue":{},"type":"Object"},"$authentication":{"defaultValue":{},"type":"SecureObject"}},"triggers":{"manual":{"type":"Request","kind":"PowerApp","inputs":{"schema":{"type":"object","properties":{},"required":[]}}}},"actions":{"Get_items":{"runAfter":{},"metadata":{"flowSystemMetadata":{"swaggerOperationId":"GetItems"}},"type":"ApiConnection","inputs":{"host":{"connection":{"name":"@json(decodeBase64(triggerOutputs().headers['X-MS-APIM-Tokens']))['$connections']['shared_sharepointonline']['connectionId']"},"api":{"runtimeUrl":"https://unitedstates-002.azure-apim.net/apim/sharepointonline"}},"method":"get","path":"/datasets/@{encodeURIComponent(encodeURIComponent('https://axecapitalcorp.sharepoint.com/sites/AxeCommunication'))}/tables/@{encodeURIComponent(encodeURIComponent('2994870f-911c-4188-9a9d-72faa1554c68'))}/items","queries":{"$filter":"Outcome ne 'Winner'"},"authentication":{"type":"Raw","value":"@json(decodeBase64(triggerOutputs().headers['X-MS-APIM-Tokens']))['$ConnectionKey']"}}},"Compose":{"runAfter":{"Get_items":["Succeeded"]},"type":"Compose","inputs":"@body('Get_items')?['value'][rand(0,length(body('Get_items')?['value']))]"},"Update_item":{"runAfter":{"Get_Winner_ID":["Succeeded"]},"metadata":{"flowSystemMetadata":{"swaggerOperationId":"PatchItem"}},"type":"ApiConnection","inputs":{"host":{"connection":{"name":"@json(decodeBase64(triggerOutputs().headers['X-MS-APIM-Tokens']))['$connections']['shared_sharepointonline']['connectionId']"},"api":{"runtimeUrl":"https://unitedstates-002.azure-apim.net/apim/sharepointonline"}},"method":"patch","body":{"Title":"@{outputs('Get_Winner_Name')}","Outcome":"Winner"},"path":"/datasets/@{encodeURIComponent(encodeURIComponent('https://axecapitalcorp.sharepoint.com/sites/AxeCommunication'))}/tables/@{encodeURIComponent(encodeURIComponent('2994870f-911c-4188-9a9d-72faa1554c68'))}/items/@{encodeURIComponent(outputs('Get_Winner_ID'))}","authentication":{"type":"Raw","value":"@json(decodeBase64(triggerOutputs().headers['X-MS-APIM-Tokens']))['$ConnectionKey']"}}},"Get_Winner_Name":{"runAfter":{"Compose":["Succeeded"]},"type":"Compose","inputs":"@outputs('Compose')?['Title']"},"Get_Winner_ID":{"runAfter":{"Get_Winner_Name":["Succeeded"]},"type":"Compose","inputs":"@outputs('Compose')?['ID']"},"Respond_to_a_PowerApp_or_flow":{"runAfter":{"Update_item":["Succeeded"]},"type":"Response","kind":"PowerApp","inputs":{"statusCode":200,"body":{"winner":"@{outputs('Get_Winner_Name')}"},"schema":{"type":"object","properties":{"winner":{"title":"Winner","x-ms-dynamically-added":true,"type":"string"}}}}}}},"connectionReferences":{"shared_sharepointonline":{"connectionName":"3bf42c5ac2964f86ad79806552577077","source":"Invoker","id":"/providers/Microsoft.PowerApps/apis/shared_sharepointonline","tier":"NotSpecified"}},"flowFailureAlertSubscribed":false}}