{"schemaVersion":"1.0","appDefinitionTemplate":{"id":"/providers/Microsoft.PowerApps/apps/","type":"Microsoft.PowerApps/apps","tags":{"minimumRequiredApiVersion":"2.2.0"},"properties":{"appVersion":"2018-12-03T04:16:46Z","lifeCycleId":"Published","createdByClientVersion":{"major":3,"minor":18111,"build":17,"revision":0,"majorRevision":0,"minorRevision":0},"minClientVersion":{"major":3,"minor":18111,"build":17,"revision":0,"majorRevision":0,"minorRevision":0},"backgroundColor":"rgba(37, 62, 143, 1)","backgroundImageUri":"/8082638666110841046/N3572643e-1621-4ff6-b0bb-c528fcef70bd-logoSmallFile","displayName":"PA_Advent","description":"","appUris":{"documentUri":{"value":"/8082638666110841046/Ne45e4b77-6203-44f5-8849-f00d81fa9e53-document.msapp","readonlyValue":"/8082638666110841046/Ne45e4b77-6203-44f5-8849-f00d81fa9e53-document.msapp"},"imageUris":[]},"createdTime":"0001-01-01T00:00:00Z","lastModifiedTime":"0001-01-01T00:00:00Z","sharedGroupsCount":0,"sharedUsersCount":0,"icons":{"smallIconUri":"/8082638666110841046/N3199713f-f137-45bd-bc19-1a77c7563550-small.png","mediumIconUri":"/8082638666110841046/N5ca5486c-631f-45be-b4e9-78f03ce1a3cc-medium.png","largeIconUri":"/8082638666110841046/N3ec9c33e-6c8f-453f-81bd-8df565ee1aa9-large.png","wideIconUri":"/8082638666110841046/N83ca24f7-6253-486b-b9ba-ca4c95567f25-wide.png"},"connectionReferences":{"94f661ea-1d01-4cbd-8455-b6bf646db800":{"id":"c9433507-e0a9-4ec3-9840-1dffe871d960","displayName":"SharePoint","iconUri":"https://connectoricons-prod.azureedge.net/sharepointonline/icon_1.0.1019.1195.png","dataSources":["Advent_1"],"dependencies":[],"dependents":[],"parameterHints":{},"isOnPremiseConnection":false,"bypassConsent":false,"dataSets":{"https://activeinetservices.sharepoint.com/sites/PowerAppsDemos":{"dataSources":{"Advent_1":{"tableName":"fc5cb3a5-6eb0-402d-8a37-f7b0b07e28d2"}}}},"apiTier":"Standard"}},"almMode":"Environment"}}}