{"schemaVersion":"1.0","appDefinitionTemplate":{"id":"/providers/Microsoft.PowerApps/apps/","type":"Microsoft.PowerApps/apps","tags":{"minimumRequiredApiVersion":"2.2.0"},"properties":{"appVersion":"2018-11-19T04:53:32Z","lifeCycleId":"Published","createdByClientVersion":{"major":3,"minor":18111,"build":15,"revision":0,"majorRevision":0,"minorRevision":0},"minClientVersion":{"major":3,"minor":18111,"build":15,"revision":0,"majorRevision":0,"minorRevision":0},"backgroundColor":"rgba(251, 101, 60, 1)","backgroundImageUri":"/6959154007330171089/N462d9b89-08be-432f-a731-d3d194e8a4be-logoSmallFile","displayName":"HalloweenHelper","description":"","appUris":{"documentUri":{"value":"/6959154007330171089/N7f6b68bb-79e9-4599-9b5b-7d1c0303098b-document.msapp","readonlyValue":"/6959154007330171089/N7f6b68bb-79e9-4599-9b5b-7d1c0303098b-document.msapp"},"imageUris":[]},"createdTime":"0001-01-01T00:00:00Z","lastModifiedTime":"0001-01-01T00:00:00Z","sharedGroupsCount":0,"sharedUsersCount":0,"icons":{"smallIconUri":"/6959154007330171089/N560c156f-7326-41ef-aa66-cec4fabdbee2-small.png","mediumIconUri":"/6959154007330171089/Nffd46926-05be-4624-871b-8c53cab269d6-medium.png","largeIconUri":"/6959154007330171089/N4f9203c3-0bde-482f-b4ed-d838d693b848-large.png","wideIconUri":"/6959154007330171089/N613ab675-69e0-475c-9670-41dadfc0c932-wide.png"},"connectionReferences":{"a06a2f2b-a9e6-465d-bb20-4ca11a65e1db":{"id":"52e9e57d-a1a3-4b21-abe1-dc8ad94e776f","displayName":"Logic flows","iconUri":"https://resourcestackdeploy.blob.core.windows.net/scripts/13276078.png","dataSources":["HalloweenHelper"],"dependencies":["c8e4744a-5482-42a4-af7c-da7de7ce587f"],"dependents":[],"parameterHints":{"workflowName":{"value":"e0034c13-094c-4c1f-8006-02b3f79055d4"},"c8e4744a-5482-42a4-af7c-da7de7ce587f":{"value":"shared_sharepointonline"}},"isOnPremiseConnection":false,"bypassConsent":false,"dataSets":{},"apiTier":"Standard"},"c8e4744a-5482-42a4-af7c-da7de7ce587f":{"id":"c9433507-e0a9-4ec3-9840-1dffe871d960","displayName":"SharePoint","iconUri":"https://connectoricons-prod.azureedge.net/sharepointonline/icon_1.0.1019.1195.png","dataSources":[],"dependencies":[],"dependents":["a06a2f2b-a9e6-465d-bb20-4ca11a65e1db"],"parameterHints":{},"isOnPremiseConnection":false,"bypassConsent":false,"dataSets":{},"apiTier":"Standard"},"a845253d-ec70-49b7-b0d1-037fe072c3ba":{"id":"eeb2fda3-9828-45b2-b82e-3af3b399c3ef","displayName":"Face API","iconUri":"https://connectoricons-prod.azureedge.net/faceapi/icon_1.0.1093.1311.png","dataSources":["FaceAPI"],"dependencies":[],"dependents":[],"parameterHints":{},"isOnPremiseConnection":false,"sharedConnectionId":"1ada2e95-dbf0-4253-9980-d0be271955f7","bypassConsent":false,"dataSets":{},"apiTier":"Standard"},"e25f087e-0fd1-456f-a381-847180fbe57c":{"id":"52e9e57d-a1a3-4b21-abe1-dc8ad94e776f","displayName":"Logic flows","iconUri":"https://resourcestackdeploy.blob.core.windows.net/scripts/13276078.png","dataSources":["GetNutritionInfo"],"dependencies":[],"dependents":[],"parameterHints":{"workflowName":{"value":"6b2a430f-d094-4ebf-8f39-abf888a05d95"}},"isOnPremiseConnection":false,"bypassConsent":false,"dataSets":{},"apiTier":"Standard"}},"almMode":"Environment"}}}