{"schemaVersion":"1.0","appDefinitionTemplate":{"id":"/providers/Microsoft.PowerApps/apps/","type":"Microsoft.PowerApps/apps","tags":{"primaryDeviceWidth":"1366","primaryDeviceHeight":"768","sienaVersion":"20200811T042158Z-3.20073.28.0","deviceCapabilities":"","supportsPortrait":"false","supportsLandscape":"true","primaryFormFactor":"Tablet","publisherVersion":"3.20073.28","minimumRequiredApiVersion":"2.2.0","hasComponent":"true","hasUnlockedComponent":"true","isUnifiedRootApp":"false"},"properties":{"appVersion":"2020-08-11T04:21:58Z","lifeCycleId":"Published","createdByClientVersion":{"major":3,"minor":20073,"build":28,"revision":0,"majorRevision":0,"minorRevision":0},"minClientVersion":{"major":3,"minor":20073,"build":28,"revision":0,"majorRevision":0,"minorRevision":0},"backgroundColor":"rgba(37, 62, 143, 1)","backgroundImageUri":"/10355294233093662630/N2e7b85bf-edd3-41d8-aa79-082bd44c2983-logoSmallFile","displayName":"Training Portal App","description":"","commitMessage":"","appUris":{"documentUri":{"value":"/10355294233093662630/N6979c1b4-a84c-4b17-b00b-f3e3a034e865-document.msapp","readonlyValue":"/10355294233093662630/N6979c1b4-a84c-4b17-b00b-f3e3a034e865-document.msapp"},"imageUris":[]},"createdTime":"0001-01-01T00:00:00Z","lastModifiedTime":"0001-01-01T00:00:00Z","sharedGroupsCount":0,"sharedUsersCount":0,"icons":{"smallIconUri":"/10355294233093662630/Ncf50edd3-57e9-4302-9a7c-4fc1f02cae43-small.png","mediumIconUri":"/10355294233093662630/N8a383467-97b7-48a6-938f-628d6a55d7f8-medium.png","largeIconUri":"/10355294233093662630/N4eab84ca-d0d0-49fa-974a-125cfa49a133-large.png","wideIconUri":"/10355294233093662630/N86bffbe9-cbee-494f-9942-d7b065de0e13-wide.png"},"connectionReferences":{"5453364b-8c7a-4042-ab3a-ebccd090f70b":{"id":"43f52455-a638-4f16-9b12-d894e71b23ae","displayName":"Office 365 Users","iconUri":"https://connectoricons-prod.azureedge.net/releases/v1.0.1381/1.0.1381.2096/office365users/icon.png","dataSources":["Office365Users"],"dependencies":[],"dependents":[],"parameterHints":{},"isOnPremiseConnection":false,"bypassConsent":false,"dataSets":{},"apiTier":"Standard","isCustomApiConnection":false},"a5c70fe0-c12c-48db-9a62-ab98d8be1bb4":{"id":"56e2170d-a356-4a1c-b855-48e1b0528d88","displayName":"Office 365 Outlook","iconUri":"https://connectoricons-prod.azureedge.net/releases/v1.0.1381/1.0.1381.2096/office365/icon.png","dataSources":["Office365Outlook"],"dependencies":[],"dependents":[],"parameterHints":{},"isOnPremiseConnection":false,"bypassConsent":false,"dataSets":{},"apiTier":"Standard","isCustomApiConnection":false},"b1234b8d-81d3-4564-a70d-59ba1443d60e":{"id":"5c828ec7-ea9f-4229-a37e-b3336d2721b8","displayName":"SharePoint","iconUri":"https://connectoricons-prod.azureedge.net/releases/v1.0.1371/1.0.1371.2074/sharepointonline/icon.png","dataSources":["My Training","Training","Training Assets"],"dependencies":[],"dependents":[],"parameterHints":{},"isOnPremiseConnection":false,"bypassConsent":false,"dataSets":{"https://axecapitalcorp.sharepoint.com/sites/Training":{"dataSources":{"My Training":{"tableName":"55cd7d8a-cde6-4309-9d04-c659b59486b8"},"Training":{"tableName":"6da04f6b-c49c-4231-a231-d509ff1c966a"},"Training Assets":{"tableName":"61825a26-82cc-4904-ae53-322fe684635b"}}}},"apiTier":"Standard","isCustomApiConnection":false}},"databaseReferences":{},"almMode":"Environment","performanceOptimizationEnabled":true,"canConsumeAppPass":true},"isAppComponentLibrary":false,"appType":"ClassicCanvasApp","appComponents":[]}}