{"schemaVersion":"1.0","appDefinitionTemplate":{"id":"/providers/Microsoft.PowerApps/apps/","type":"Microsoft.PowerApps/apps","tags":{"primaryDeviceWidth":"1366","primaryDeviceHeight":"768","sienaVersion":"20200722T140618Z-3.20064.23.0","deviceCapabilities":"","supportsPortrait":"false","supportsLandscape":"true","primaryFormFactor":"Tablet","publisherVersion":"3.20064.23","minimumRequiredApiVersion":"2.2.0","hasComponent":"true","hasUnlockedComponent":"true","isUnifiedRootApp":"false"},"properties":{"appVersion":"2020-07-22T14:06:18Z","lifeCycleId":"Published","createdByClientVersion":{"major":3,"minor":20064,"build":23,"revision":0,"majorRevision":0,"minorRevision":0},"minClientVersion":{"major":3,"minor":20064,"build":23,"revision":0,"majorRevision":0,"minorRevision":0},"backgroundColor":"rgba(165, 34, 55, 1)","backgroundImageUri":"/890909749512310149/N6c5b3108-2e9b-4514-bcd3-e538dc6cbe2f-logoSmallFile","displayName":"TIME SHEET","description":"","commitMessage":"","appUris":{"documentUri":{"value":"/890909749512310149/N45173fe7-644f-4e35-af58-a10a6293e28b-document.msapp","readonlyValue":"/890909749512310149/N45173fe7-644f-4e35-af58-a10a6293e28b-document.msapp"},"imageUris":[]},"createdTime":"0001-01-01T00:00:00Z","lastModifiedTime":"0001-01-01T00:00:00Z","sharedGroupsCount":0,"sharedUsersCount":0,"icons":{"smallIconUri":"/890909749512310149/Nbc9bb83f-9853-490b-8535-d7a781e44ff9-small.png","mediumIconUri":"/890909749512310149/Ne68279a7-2eff-4dfc-a012-7ce66bff0589-medium.png","largeIconUri":"/890909749512310149/N8597da59-e6c4-449b-b031-b8bce0a02441-large.png","wideIconUri":"/890909749512310149/Nd4d934c4-5cd8-44c0-a16a-5bd3879af406-wide.png"},"connectionReferences":{"ca71a6a8-8888-4aa3-aa3e-b54c9b2a83b6":{"id":"5c828ec7-ea9f-4229-a37e-b3336d2721b8","displayName":"SharePoint","iconUri":"https://connectoricons-prod.azureedge.net/sharepointonline/icon_1.0.1363.2042.png","dataSources":["TimeEntries","BillTo"],"dependencies":[],"dependents":[],"parameterHints":{},"isOnPremiseConnection":false,"bypassConsent":false,"dataSets":{"https://axecapitalcorp.sharepoint.com/sites/HR":{"dataSources":{"TimeEntries":{"tableName":"514d240d-d49b-40ad-ac44-09e8f2456425"},"BillTo":{"tableName":"a8b7681a-1b0b-4870-b9c8-030d41a3c1a6"}}}},"apiTier":"Standard","isCustomApiConnection":false},"c14235e1-142e-4e8c-b9c6-34b8569985de":{"id":"43f52455-a638-4f16-9b12-d894e71b23ae","displayName":"Office 365 Users","iconUri":"https://connectoricons-prod.azureedge.net/office365users/icon_1.0.1357.2029.png","dataSources":["Office365Users"],"dependencies":[],"dependents":[],"parameterHints":{},"isOnPremiseConnection":false,"bypassConsent":false,"dataSets":{},"apiTier":"Standard","isCustomApiConnection":false}},"databaseReferences":{},"almMode":"Environment","performanceOptimizationEnabled":true,"canConsumeAppPass":true},"isAppComponentLibrary":false,"appType":"ClassicCanvasApp","appComponents":[]}}