{"schemaVersion":"1.0","appDefinitionTemplate":{"id":"/providers/Microsoft.PowerApps/apps/","type":"Microsoft.PowerApps/apps","tags":{"minimumRequiredApiVersion":"2.2.0"},"properties":{"appVersion":"2019-07-04T05:25:50Z","lifeCycleId":"Published","createdByClientVersion":{"major":3,"minor":19064,"build":11,"revision":0,"majorRevision":0,"minorRevision":0},"minClientVersion":{"major":3,"minor":19064,"build":11,"revision":0,"majorRevision":0,"minorRevision":0},"backgroundColor":"rgba(0, 176, 240, 1)","backgroundImageUri":"/12067658668603178515/N09cce826-fbf7-4805-bce2-31384b80c777-logoSmallFile","displayName":"ElegantBizApps","description":"","appUris":{"documentUri":{"value":"/12067658668603178515/N4ea01b41-359b-447f-a17a-45c27cf54ed6-document.msapp","readonlyValue":"/12067658668603178515/N4ea01b41-359b-447f-a17a-45c27cf54ed6-document.msapp"},"imageUris":[]},"createdTime":"0001-01-01T00:00:00Z","lastModifiedTime":"0001-01-01T00:00:00Z","sharedGroupsCount":0,"sharedUsersCount":0,"icons":{"smallIconUri":"/12067658668603178515/N09ce16bc-b522-48f3-90ee-f5388ec55308-small.png","mediumIconUri":"/12067658668603178515/Na8741801-87b2-49bb-8a96-5576f64e9dd9-medium.png","largeIconUri":"/12067658668603178515/Ndc8a8996-bee8-4e6f-af16-8eeaa13f2d92-large.png","wideIconUri":"/12067658668603178515/N6557f254-2d3a-434e-bbfe-8e06cd51e763-wide.png"},"connectionReferences":{"c5101b31-42f1-4360-862b-ebf25594b85f":{"id":"52e9e57d-a1a3-4b21-abe1-dc8ad94e776f","displayName":"Logic flows","iconUri":"https://resourcestackdeploy.blob.core.windows.net/scripts/13276078.png","dataSources":["ContestWinner"],"dependencies":["735291b0-b986-4091-bb2e-e7b75c30734b"],"dependents":[],"parameterHints":{"workflowName":{"value":"21575911-5336-43f9-8d52-e442a3f74bd8"},"735291b0-b986-4091-bb2e-e7b75c30734b":{"value":"shared_sharepointonline"}},"isOnPremiseConnection":false,"bypassConsent":false,"dataSets":{},"apiTier":"Standard","isCustomApiConnection":false},"735291b0-b986-4091-bb2e-e7b75c30734b":{"id":"c9433507-e0a9-4ec3-9840-1dffe871d960","displayName":"SharePoint","iconUri":"https://cpgeneralstore.blob.core.windows.net/officialicons/sharepointonline/icon_1.0.1213.1596.png","dataSources":[],"dependencies":[],"dependents":["c5101b31-42f1-4360-862b-ebf25594b85f"],"parameterHints":{},"isOnPremiseConnection":false,"bypassConsent":false,"dataSets":{},"apiTier":"Standard","isCustomApiConnection":false}},"databaseReferences":{},"almMode":"Environment"}}}