{"schemaVersion":"1.0","appDefinitionTemplate":{"id":"/providers/Microsoft.PowerApps/apps/","type":"Microsoft.PowerApps/apps","tags":{"primaryDeviceWidth":"1366","primaryDeviceHeight":"768","sienaVersion":"20200611T160319Z-3.20053.24.0","deviceCapabilities":"","supportsPortrait":"false","supportsLandscape":"true","primaryFormFactor":"Tablet","publisherVersion":"3.20053.24","minimumRequiredApiVersion":"2.2.0","hasComponent":"false","hasUnlockedComponent":"false","isUnifiedRootApp":"false"},"properties":{"appVersion":"2020-06-11T16:03:19Z","lifeCycleId":"Published","createdByClientVersion":{"major":3,"minor":20053,"build":24,"revision":0,"majorRevision":0,"minorRevision":0},"minClientVersion":{"major":3,"minor":20053,"build":24,"revision":0,"majorRevision":0,"minorRevision":0},"backgroundColor":"rgba(165, 34, 55, 1)","backgroundImageUri":"/1587305986147310247/N3e91717c-e621-4a8d-bb51-31262173fee3-logoSmallFile","displayName":"Winner Winner","description":"","commitMessage":"","appUris":{"documentUri":{"value":"/1587305986147310247/N1c86d9cf-2eb0-47aa-9f27-661be8aabacb-document.msapp","readonlyValue":"/1587305986147310247/N1c86d9cf-2eb0-47aa-9f27-661be8aabacb-document.msapp"},"imageUris":[]},"createdTime":"0001-01-01T00:00:00Z","lastModifiedTime":"0001-01-01T00:00:00Z","sharedGroupsCount":0,"sharedUsersCount":0,"icons":{"smallIconUri":"/1587305986147310247/N968c49ab-a197-4229-a63b-ca9232fb5b7b-small.png","mediumIconUri":"/1587305986147310247/N280a2126-545d-4cc0-909d-7e431fbd6f93-medium.png","largeIconUri":"/1587305986147310247/N8ed5aeba-c369-4392-bcfa-3a38a628557f-large.png","wideIconUri":"/1587305986147310247/N385d966c-2905-47a7-98db-e5fd14f21259-wide.png"},"connectionReferences":{"2689b530-b648-438e-b680-fa87db1f2f5b":{"id":"5c828ec7-ea9f-4229-a37e-b3336d2721b8","displayName":"SharePoint","iconUri":"https://connectoricons-prod.azureedge.net/sharepointonline/icon_1.0.1355.2023.png","dataSources":["Drawings"],"dependencies":[],"dependents":["0f62d14f-a5c7-494e-b778-dbac96f6c442"],"parameterHints":{},"isOnPremiseConnection":false,"bypassConsent":false,"dataSets":{"https://axecapitalcorp.sharepoint.com/sites/AxeCommunication":{"dataSources":{"Drawings":{"tableName":"2994870f-911c-4188-9a9d-72faa1554c68"}}}},"apiTier":"Standard","isCustomApiConnection":false},"0f62d14f-a5c7-494e-b778-dbac96f6c442":{"id":"221b9b2a-68c0-4173-b548-a036f457a8d5","displayName":"Logic flows","iconUri":"https://resourcestackdeploy.blob.core.windows.net/scripts/13276078.png","dataSources":["WinnerWinnerPicker"],"dependencies":["2689b530-b648-438e-b680-fa87db1f2f5b"],"dependents":[],"parameterHints":{"workflowName":{"value":"60644707-7548-49b8-9ee8-a9d0658db838"},"2689b530-b648-438e-b680-fa87db1f2f5b":{"value":"shared_sharepointonline"}},"isOnPremiseConnection":false,"bypassConsent":false,"dataSets":{},"apiTier":"Standard","isCustomApiConnection":false}},"databaseReferences":{},"almMode":"Environment","performanceOptimizationEnabled":true,"canConsumeAppPass":true},"isAppComponentLibrary":false,"appType":"ClassicCanvasApp","appComponents":[]}}