{"schemaVersion":"1.0","appDefinitionTemplate":{"id":"/providers/Microsoft.PowerApps/apps/","type":"Microsoft.PowerApps/apps","tags":{"minimumRequiredApiVersion":"2.2.0"},"properties":{"appVersion":"2019-09-24T02:03:41Z","lifeCycleId":"Published","createdByClientVersion":{"major":3,"minor":19092,"build":12,"revision":0,"majorRevision":0,"minorRevision":0},"minClientVersion":{"major":3,"minor":19092,"build":12,"revision":0,"majorRevision":0,"minorRevision":0},"backgroundColor":"rgba(0, 176, 240, 1)","backgroundImageUri":"/13626463731370761617/Nd13e5baf-383d-4581-99b7-418194016bbd-logoSmallFile","displayName":"Thrive Feed","description":"","commitMessage":"","appUris":{"documentUri":{"value":"/13626463731370761617/Nfb961cc2-7a3b-42d8-ba19-a42050a30682-document.msapp","readonlyValue":"/13626463731370761617/Nfb961cc2-7a3b-42d8-ba19-a42050a30682-document.msapp"},"imageUris":[]},"createdTime":"0001-01-01T00:00:00Z","lastModifiedTime":"0001-01-01T00:00:00Z","sharedGroupsCount":0,"sharedUsersCount":0,"icons":{"smallIconUri":"/13626463731370761617/Nc4ec53aa-3614-4c50-b1b5-b16fdefa35da-small.png","mediumIconUri":"/13626463731370761617/N22915c79-be10-47c3-8b87-a6cec59b8077-medium.png","largeIconUri":"/13626463731370761617/Ndeae6de1-33cb-43ef-a343-d7c35514ffbf-large.png","wideIconUri":"/13626463731370761617/N5e0ef5aa-9169-4138-aa9b-a0926fe1aa8e-wide.png"},"connectionReferences":{},"databaseReferences":{"default.cds":{"databaseDetails":{"referenceType":"NotSpecified","environmentName":"default.cds"},"dataSources":{"Favorites":{"entitySetName":"cat_favorites","logicalName":"cat_favorite"},"Apps":{"entitySetName":"cat_apps","logicalName":"cat_app"},"Cards":{"entitySetName":"cat_cards","logicalName":"cat_card"},"Providers":{"entitySetName":"cat_providers","logicalName":"cat_provider"},"Actions":{"entitySetName":"cat_actions","logicalName":"cat_action"},"Users":{"entitySetName":"systemusers","logicalName":"systemuser"},"UserSettings":{"entitySetName":"cat_usersettingses","logicalName":"cat_usersettings"},"Settings":{"entitySetName":"cat_settings","logicalName":"cat_setting"},"Notes":{"entitySetName":"annotations","logicalName":"annotation"}}}},"almMode":"Environment"},"appComponents":[]}}