<ImportExportXml xmlns:xsi="http://www.w3.org/2001/XMLSchema-instance">
  <Entities></Entities>
  <Roles></Roles>
  <Workflows>
    <Workflow WorkflowId="{7e7d88d1-3e87-ed11-81ac-002248081800}" Name="Power Apps Wrapped Email">
      <JsonFileName>/Workflows/PowerAppsWrappedEmail-7E7D88D1-3E87-ED11-81AC-002248081800.json</JsonFileName>
      <Type>1</Type>
      <Subprocess>0</Subprocess>
      <Category>5</Category>
      <Mode>0</Mode>
      <Scope>4</Scope>
      <OnDemand>0</OnDemand>
      <TriggerOnCreate>0</TriggerOnCreate>
      <TriggerOnDelete>0</TriggerOnDelete>
      <AsyncAutodelete>0</AsyncAutodelete>
      <SyncWorkflowLogOnFailure>0</SyncWorkflowLogOnFailure>
      <StateCode>1</StateCode>
      <StatusCode>2</StatusCode>
      <RunAs>1</RunAs>
      <IsTransacted>1</IsTransacted>
      <IntroducedVersion>1.0.0.0</IntroducedVersion>
      <IsCustomizable>1</IsCustomizable>
      <BusinessProcessType>0</BusinessProcessType>
      <IsCustomProcessingStepAllowedForOtherPublishers>1</IsCustomProcessingStepAllowedForOtherPublishers>
      <PrimaryEntity>none</PrimaryEntity>
      <LocalizedNames>
        <LocalizedName languagecode="1033" description="Power Apps Wrapped Email" />
      </LocalizedNames>
    </Workflow>
  </Workflows>
  <FieldSecurityProfiles></FieldSecurityProfiles>
  <Templates />
  <EntityMaps />
  <EntityRelationships />
  <OrganizationSettings />
  <optionsets />
  <CustomControls />
  <EntityDataProviders />
  <CanvasApps>
    <CanvasApp>
      <Name>ad_powerappswrapped_382a0</Name>
      <AppVersion>2022-12-22T04:14:05Z</AppVersion>
      <Status>Ready</Status>
      <CreatedByClientVersion>3.22121.19.0</CreatedByClientVersion>
      <MinClientVersion>3.22121.19.0</MinClientVersion>
      <Tags>{"primaryDeviceWidth":"640","primaryDeviceHeight":"1136","supportsPortrait":"true","supportsLandscape":"true","primaryFormFactor":"Phone","publisherVersion":"3.22121.19","minimumRequiredApiVersion":"2.2.0","hasComponent":"false","hasUnlockedComponent":"false","isUnifiedRootApp":"false","sienaVersion":"20221222T041405Z-3.22121.19.0"}</Tags>
      <IsCdsUpgraded>0</IsCdsUpgraded>
      <GalleryItemId xsi:nil="true"></GalleryItemId>
      <BackgroundColor>RGBA(0,176,240,1)</BackgroundColor>
      <DisplayName>Power Apps Wrapped</DisplayName>
      <Description xsi:nil="true"></Description>
      <CommitMessage xsi:nil="true"></CommitMessage>
      <Publisher xsi:nil="true"></Publisher>
      <AuthorizationReferences>[]</AuthorizationReferences>
      <ConnectionReferences>{"514719d2-89b6-46dd-8a21-e8f2e05724fb":{"id":"/providers/microsoft.powerapps/apis/shared_logicflows","displayName":"Logic flows","iconUri":"https://connectoricons-prod.azureedge.net/releases/v1.0.1534/1.0.1534.2605/logicflows/icon.png","dataSources":["PowerAppsWrappedEmail"],"dependencies":["67fcdc79-7f64-45d4-8025-1fb724209f12","41c5bcc5-0243-4efb-adb4-7be864683be5","70bd4443-5f08-4b59-85cd-7bc6de357fe6","9043c77a-3b4e-49e7-9769-490fe7d5f0f5"],"dependents":[],"parameterHints":{"workflowName":{"value":"f21374e4-77ef-4f0c-9bea-362a954201a5"},"workflowEntityId":{},"67fcdc79-7f64-45d4-8025-1fb724209f12":{"value":"shared_powerplatformforadmins"},"41c5bcc5-0243-4efb-adb4-7be864683be5":{"value":"shared_powerappsforadmins"},"70bd4443-5f08-4b59-85cd-7bc6de357fe6":{"value":"shared_office365"},"9043c77a-3b4e-49e7-9769-490fe7d5f0f5":{"value":"shared_office365users"}},"parameterHintsV2":{"workflowName":{"value":"f21374e4-77ef-4f0c-9bea-362a954201a5"},"workflowEntityId":{},"shared_powerplatformforadmins":{"value":"67fcdc79-7f64-45d4-8025-1fb724209f12"},"shared_powerappsforadmins":{"value":"41c5bcc5-0243-4efb-adb4-7be864683be5"},"shared_office365":{"value":"70bd4443-5f08-4b59-85cd-7bc6de357fe6"},"shared_office365users":{"value":"9043c77a-3b4e-49e7-9769-490fe7d5f0f5"}},"isOnPremiseConnection":false,"bypassConsent":false,"dataSets":{},"apiTier":"Standard","actions":["Run"]},"67fcdc79-7f64-45d4-8025-1fb724209f12":{"id":"/providers/microsoft.powerapps/apis/shared_powerplatformforadmins","displayName":"Power Platform for Admins","iconUri":"https://connectoricons-prod.azureedge.net/releases/v1.0.1602/1.0.1602.3056/powerplatformforadmins/icon.png","dataSources":[],"dependencies":[],"dependents":["514719d2-89b6-46dd-8a21-e8f2e05724fb"],"parameterHints":{},"parameterHintsV2":{},"isOnPremiseConnection":false,"bypassConsent":false,"dataSets":{},"apiTier":"Standard"},"41c5bcc5-0243-4efb-adb4-7be864683be5":{"id":"/providers/microsoft.powerapps/apis/shared_powerappsforadmins","displayName":"Power Apps for Admins","iconUri":"https://connectoricons-prod.azureedge.net/releases/v1.0.1591/1.0.1591.2961/powerappsforadmins/icon.png","dataSources":[],"dependencies":[],"dependents":["514719d2-89b6-46dd-8a21-e8f2e05724fb"],"parameterHints":{},"parameterHintsV2":{},"isOnPremiseConnection":false,"bypassConsent":false,"dataSets":{},"apiTier":"Standard"},"70bd4443-5f08-4b59-85cd-7bc6de357fe6":{"id":"/providers/microsoft.powerapps/apis/shared_office365","displayName":"Office 365 Outlook","iconUri":"https://connectoricons-prod.azureedge.net/releases/v1.0.1613/1.0.1613.3125/office365/icon.png","dataSources":[],"dependencies":[],"dependents":["514719d2-89b6-46dd-8a21-e8f2e05724fb"],"parameterHints":{},"parameterHintsV2":{},"isOnPremiseConnection":false,"bypassConsent":false,"dataSets":{},"apiTier":"Standard"},"9043c77a-3b4e-49e7-9769-490fe7d5f0f5":{"id":"/providers/microsoft.powerapps/apis/shared_office365users","displayName":"Office 365 Users","iconUri":"https://connectoricons-prod.azureedge.net/releases/v1.0.1611/1.0.1611.3104/office365users/icon.png","dataSources":[],"dependencies":[],"dependents":["514719d2-89b6-46dd-8a21-e8f2e05724fb"],"parameterHints":{},"parameterHintsV2":{},"isOnPremiseConnection":false,"bypassConsent":false,"dataSets":{},"apiTier":"Standard"}}</ConnectionReferences>
      <DatabaseReferences>{}</DatabaseReferences>
      <AppComponents>[]</AppComponents>
      <AppComponentDependencies>[]</AppComponentDependencies>
      <CanConsumeAppPass>1</CanConsumeAppPass>
      <CanvasAppType>0</CanvasAppType>
      <BypassConsent>0</BypassConsent>
      <AdminControlBypassConsent>0</AdminControlBypassConsent>
      <EmbeddedApp xsi:nil="true"></EmbeddedApp>
      <IntroducedVersion>1.0</IntroducedVersion>
      <CdsDependencies>{"cdsdependencies":[]}</CdsDependencies>
      <IsCustomizable>1</IsCustomizable>
      <BackgroundImageUri>/CanvasApps/ad_powerappswrapped_382a0_BackgroundImageUri</BackgroundImageUri>
      <DocumentUri>/CanvasApps/ad_powerappswrapped_382a0_DocumentUri.msapp</DocumentUri>
    </CanvasApp>
  </CanvasApps>
  <Languages>
    <Language>1033</Language>
  </Languages>
</ImportExportXml>