{"schemaVersion":"1.0","appDefinitionTemplate":{"id":"/providers/Microsoft.PowerApps/apps/","type":"Microsoft.PowerApps/apps","tags":{"primaryDeviceWidth":"1366","primaryDeviceHeight":"768","sienaVersion":"20200903T024223Z-3.20082.25.0","deviceCapabilities":"","supportsPortrait":"false","supportsLandscape":"true","primaryFormFactor":"Tablet","publisherVersion":"3.20082.25","minimumRequiredApiVersion":"2.2.0","hasComponent":"false","hasUnlockedComponent":"false","isUnifiedRootApp":"false"},"properties":{"appVersion":"2020-09-03T02:42:23Z","lifeCycleId":"Published","createdByClientVersion":{"major":3,"minor":20082,"build":25,"revision":0,"majorRevision":0,"minorRevision":0},"minClientVersion":{"major":3,"minor":20082,"build":25,"revision":0,"majorRevision":0,"minorRevision":0},"backgroundColor":"rgba(0, 176, 240, 1)","backgroundImageUri":"/9967640495453642396/Nba324d77-5d54-4cdd-8412-3062a76aa0c6-logoSmallFile","displayName":"Power Apps Inline Edit","description":"","commitMessage":"","appUris":{"documentUri":{"value":"/9967640495453642396/N2bfeeabb-ce08-4c65-8a0d-4f6099a69061-document.msapp","readonlyValue":"/9967640495453642396/N2bfeeabb-ce08-4c65-8a0d-4f6099a69061-document.msapp"},"imageUris":[]},"createdTime":"0001-01-01T00:00:00Z","lastModifiedTime":"0001-01-01T00:00:00Z","sharedGroupsCount":0,"sharedUsersCount":0,"icons":{"smallIconUri":"/9967640495453642396/Nc59bc2ae-e53f-460b-a977-ae0d11d5cf9f-small.png","mediumIconUri":"/9967640495453642396/N60821d70-86ef-40bf-91d2-5f8e3538f7af-medium.png","largeIconUri":"/9967640495453642396/N8c826185-ff35-49a6-9c75-3c627e949710-large.png","wideIconUri":"/9967640495453642396/N388aec78-5b9f-4528-b8ff-d0a893e6884e-wide.png"},"connectionReferences":{"82e4293b-73f8-4b50-8998-998536b43c6f":{"id":"5c828ec7-ea9f-4229-a37e-b3336d2721b8","displayName":"SharePoint","iconUri":"https://connectoricons-prod.azureedge.net/releases/v1.0.1389/1.0.1389.2117/sharepointonline/icon.png","dataSources":["Training"],"dependencies":[],"dependents":[],"parameterHints":{},"isOnPremiseConnection":false,"bypassConsent":false,"dataSets":{"https://axecapitalcorp.sharepoint.com/sites/HR":{"dataSources":{"Training":{"tableName":"85788830-0dd2-4d1b-8dcb-970485f95302"}}}},"apiTier":"Standard","isCustomApiConnection":false}},"databaseReferences":{},"almMode":"Environment","performanceOptimizationEnabled":false,"canConsumeAppPass":true},"isAppComponentLibrary":false,"appType":"ClassicCanvasApp","appComponents":[]}}