{"schemaVersion":"1.0","appDefinitionTemplate":{"id":"/providers/Microsoft.PowerApps/apps/","type":"Microsoft.PowerApps/apps","tags":{"primaryDeviceWidth":"1366","primaryDeviceHeight":"768","sienaVersion":"20200623T024711Z-3.20061.28.0","deviceCapabilities":"","supportsPortrait":"false","supportsLandscape":"true","primaryFormFactor":"Tablet","publisherVersion":"3.20061.28","minimumRequiredApiVersion":"2.2.0","hasComponent":"true","hasUnlockedComponent":"true","isUnifiedRootApp":"false"},"properties":{"appVersion":"2020-06-23T02:47:11Z","lifeCycleId":"Published","createdByClientVersion":{"major":3,"minor":20061,"build":28,"revision":0,"majorRevision":0,"minorRevision":0},"minClientVersion":{"major":3,"minor":20061,"build":28,"revision":0,"majorRevision":0,"minorRevision":0},"backgroundColor":"rgba(0, 99, 177, 1)","backgroundImageUri":"/18118667509100762107/N300b4ec3-3f3c-4f98-898d-2c458b8e4d63-logoSmallFile","displayName":"Time Away","description":"","commitMessage":"","appUris":{"documentUri":{"value":"/18118667509100762107/N6d09f6bd-0bae-4aed-949f-cb3a5dd9fe52-document.msapp","readonlyValue":"/18118667509100762107/N6d09f6bd-0bae-4aed-949f-cb3a5dd9fe52-document.msapp"},"imageUris":[]},"createdTime":"0001-01-01T00:00:00Z","lastModifiedTime":"0001-01-01T00:00:00Z","sharedGroupsCount":0,"sharedUsersCount":0,"icons":{"smallIconUri":"/18118667509100762107/Nf6f11fe1-8dab-4354-9ca2-ac1ddb8186d9-small.png","mediumIconUri":"/18118667509100762107/Nc50f78ce-426e-4d32-b065-7893a96cad34-medium.png","largeIconUri":"/18118667509100762107/N4fefcc3d-f7f6-4131-95ee-16b4b6f0146a-large.png","wideIconUri":"/18118667509100762107/N04cc81be-349f-40dc-a660-40845ec6257e-wide.png"},"connectionReferences":{"59d4a1c4-dd55-449d-bdda-fe36e98d9e6a":{"id":"5c828ec7-ea9f-4229-a37e-b3336d2721b8","displayName":"SharePoint","iconUri":"https://connectoricons-prod.azureedge.net/sharepointonline/icon_1.0.1355.2023.png","dataSources":["Time Off Types","Time Off Requests","Time Off Balances","TimeOffApprovers","Time Off Calendar"],"dependencies":[],"dependents":[],"parameterHints":{},"isOnPremiseConnection":false,"bypassConsent":false,"dataSets":{"https://axecapitalcorp.sharepoint.com/sites/HR":{"dataSources":{"Time Off Types":{"tableName":"f7bd92ad-6df3-4374-a878-d5277e88eeef"},"Time Off Requests":{"tableName":"1e644e28-bbbf-4fde-a32c-3155c9881a4e"},"Time Off Balances":{"tableName":"54be2add-6140-4fa9-a122-cde02bbc37a1"},"TimeOffApprovers":{"tableName":"7d8ed159-1cf6-4b02-9471-920f93aab279"},"Time Off Calendar":{"tableName":"3ddbdf0f-7eaa-4405-8647-5f6eb59f0792"}}}},"apiTier":"Standard","isCustomApiConnection":false},"64852b16-4509-4d34-be4c-adfa1f496b3a":{"id":"43f52455-a638-4f16-9b12-d894e71b23ae","displayName":"Office 365 Users","iconUri":"https://connectoricons-prod.azureedge.net/office365users/icon_1.0.1357.2029.png","dataSources":["Office365Users"],"dependencies":[],"dependents":[],"parameterHints":{},"isOnPremiseConnection":false,"bypassConsent":false,"dataSets":{},"apiTier":"Standard","isCustomApiConnection":false}},"databaseReferences":{},"almMode":"Environment","performanceOptimizationEnabled":false,"canConsumeAppPass":true},"isAppComponentLibrary":false,"appType":"ClassicCanvasApp","appComponents":[]}}