{"schemaVersion":"1.0","appDefinitionTemplate":{"id":"/providers/Microsoft.PowerApps/apps/","type":"Microsoft.PowerApps/apps","tags":{"primaryDeviceWidth":"1366","primaryDeviceHeight":"768","sienaVersion":"89775ec8-0396-4dc2-999c-1097954e4dba","deviceCapabilities":"","supportsPortrait":"false","supportsLandscape":"true","primaryFormFactor":"Tablet","publisherVersion":"3.20101.20","minimumRequiredApiVersion":"2.2.0","hasComponent":"true","hasUnlockedComponent":"true","isUnifiedRootApp":"false"},"properties":{"appVersion":"2020-11-03T03:25:32Z","lifeCycleId":"Published","createdByClientVersion":{"major":3,"minor":20101,"build":20,"revision":0,"majorRevision":0,"minorRevision":0},"minClientVersion":{"major":3,"minor":20101,"build":20,"revision":0,"majorRevision":0,"minorRevision":0},"backgroundColor":"rgba(0, 134, 208, 1)","backgroundImageUri":"/16044118747526935021/Nf74c011d-1e4f-41ee-a510-7dd87285904f-logoSmallFile","displayName":"Event Scheduler","description":"Your One-Stop-Shop for all things P20 Back to School!  See the agenda, browse the session catalog and add sessions to your schedule.","commitMessage":"","appUris":{"documentUri":{"value":"/16044118747526935021/Nee51f22a-36f9-4cbe-b780-c93a67246c3c-document.msapp","readonlyValue":"/16044118747526935021/Nee51f22a-36f9-4cbe-b780-c93a67246c3c-document.msapp"},"imageUris":[]},"createdTime":"0001-01-01T00:00:00Z","lastModifiedTime":"0001-01-01T00:00:00Z","sharedGroupsCount":0,"sharedUsersCount":0,"icons":{"smallIconUri":"/16044118747526935021/N021cc81a-88a4-4f24-b6c0-99f83313795c-small.png","mediumIconUri":"/16044118747526935021/N28efb91a-8bae-4aa4-8cd2-66a34fb3fb2a-medium.png","largeIconUri":"/16044118747526935021/Nf0d5f9a0-f85e-4eed-b10f-5f82ecb161d9-large.png","wideIconUri":"/16044118747526935021/Ncb35fe84-9490-495f-a0cb-0c1a2e116137-wide.png"},"connectionReferences":{"d80f322f-4d16-4bcc-b82a-4b3c90fdf730":{"id":"46e56af2-628d-47f9-8680-700b702e4ed5","displayName":"Office 365 Outlook","iconUri":"https://connectoricons-prod.azureedge.net/releases/v1.0.1408/1.0.1408.2187/office365/icon.png","dataSources":["Office365Outlook"],"dependencies":[],"dependents":[],"parameterHints":{},"isOnPremiseConnection":false,"bypassConsent":false,"dataSets":{},"apiTier":"Standard","isCustomApiConnection":false}},"authorizationReferences":[{"resourceId":"microsoftstream"}],"databaseReferences":{"default.cds":{"databaseDetails":{"referenceType":"Environmental","environmentName":"default.cds"},"dataSources":{"Sessions":{"entitySetName":"crde8_sessions","logicalName":"crde8_session"},"Speakers":{"entitySetName":"crde8_speakers","logicalName":"crde8_speaker"},"Schedules":{"entitySetName":"cat_scheduleses","logicalName":"cat_schedules"},"Registrations":{"entitySetName":"cat_registrationses","logicalName":"cat_registrations"},"Agenda":{"entitySetName":"cat_agendas","logicalName":"cat_agenda"},"Venues":{"entitySetName":"crde8_venues","logicalName":"crde8_venue"},"FAQ":{"entitySetName":"crde8_faqs","logicalName":"crde8_faq"}}}},"almMode":"Solution","performanceOptimizationEnabled":true,"executionRestrictions":{"isTeamsOnly":false,"dataLossPreventionEvaluationResult":{"status":"Compliant","lastEvaluationDate":"2020-11-03T01:50:50.8032062Z","violationDetails":[]}}},"isAppComponentLibrary":false,"appType":"ClassicCanvasApp","appComponents":[]}}