{"schemaVersion":"1.0","appDefinitionTemplate":{"id":"/providers/Microsoft.PowerApps/apps/","type":"Microsoft.PowerApps/apps","tags":{"primaryDeviceWidth":"1366","primaryDeviceHeight":"768","sienaVersion":"20200630T041708Z-3.20053.26.0","deviceCapabilities":"","supportsPortrait":"false","supportsLandscape":"true","primaryFormFactor":"Tablet","publisherVersion":"3.20053.26","minimumRequiredApiVersion":"2.2.0","hasComponent":"true","hasUnlockedComponent":"true","isUnifiedRootApp":"false"},"properties":{"appVersion":"2020-06-30T04:17:08Z","lifeCycleId":"Published","createdByClientVersion":{"major":3,"minor":20053,"build":26,"revision":0,"majorRevision":0,"minorRevision":0},"minClientVersion":{"major":3,"minor":20053,"build":26,"revision":0,"majorRevision":0,"minorRevision":0},"backgroundColor":"rgba(142, 140, 216, 1)","backgroundImageUri":"/6241665425941831257/Ne55250b9-bd0c-4804-aad3-0a6086e4632d-logoSmallFile","displayName":"Teams Provisioning Tool","description":"An app to submit requests for new teams.","commitMessage":"","appUris":{"documentUri":{"value":"/6241665425941831257/Nfbaa00be-f710-4e20-9acc-c9e86dcb0929-document.msapp","readonlyValue":"/6241665425941831257/Nfbaa00be-f710-4e20-9acc-c9e86dcb0929-document.msapp"},"imageUris":[]},"createdTime":"0001-01-01T00:00:00Z","lastModifiedTime":"0001-01-01T00:00:00Z","sharedGroupsCount":0,"sharedUsersCount":0,"icons":{"smallIconUri":"/6241665425941831257/Nebc30cbc-b7ba-4fe1-82d2-dfb970808c8e-small.png","mediumIconUri":"/6241665425941831257/N01fc093c-39a3-45f0-b2fe-5d2534e44cfa-medium.png","largeIconUri":"/6241665425941831257/N90b30386-e8ac-49c1-a40e-7fcf3be496c0-large.png","wideIconUri":"/6241665425941831257/N165e6f34-b97d-4200-9685-6369b587252d-wide.png"},"connectionReferences":{"5bd93f18-bfe6-4d82-b368-49b17e27031f":{"id":"b3c49cf6-afcc-453c-8c01-a6c7315a149e","displayName":"Microsoft Teams","iconUri":"https://connectoricons-prod.azureedge.net/teams/icon_1.0.1355.2023.png","dataSources":["MicrosoftTeams"],"dependencies":[],"dependents":[],"parameterHints":{},"isOnPremiseConnection":false,"bypassConsent":false,"dataSets":{},"apiTier":"Standard","isCustomApiConnection":false},"7ce4d214-7460-4aa9-921b-0a7f8f0051cb":{"id":"46e56af2-628d-47f9-8680-700b702e4ed5","displayName":"Office 365 Outlook","iconUri":"https://connectoricons-prod.azureedge.net/office365/icon_1.0.1363.2042.png","dataSources":["Office365Outlook"],"dependencies":[],"dependents":[],"parameterHints":{},"isOnPremiseConnection":false,"bypassConsent":false,"dataSets":{},"apiTier":"Standard","isCustomApiConnection":false},"38e9d61c-be47-4730-962d-7cbc271b3379":{"id":"7655b0f3-ffba-4577-80a5-3ffec520e64b","displayName":"Office 365 Users","iconUri":"https://connectoricons-prod.azureedge.net/office365users/icon_1.0.1357.2029.png","dataSources":["Office365Users"],"dependencies":[],"dependents":[],"parameterHints":{},"isOnPremiseConnection":false,"bypassConsent":false,"dataSets":{},"apiTier":"Standard","isCustomApiConnection":false},"9b8feb3c-4c13-4264-b9c6-8cbc5487dd89":{"id":"8c8711d0-8e5d-4817-a200-de14ab9379c6","displayName":"SharePoint","iconUri":"https://connectoricons-prod.azureedge.net/sharepointonline/icon_1.0.1363.2042.png","dataSources":["TeamsRequests"],"dependencies":[],"dependents":[],"parameterHints":{},"isOnPremiseConnection":false,"bypassConsent":false,"dataSets":{"https://axecapitalcorp.sharepoint.com/sites/IT":{"dataSources":{"TeamsRequests":{"tableName":"3ad32e93-1ea6-49fe-a314-d2e692d8b7ff"}}}},"apiTier":"Standard","isCustomApiConnection":false}},"databaseReferences":{},"almMode":"Environment","performanceOptimizationEnabled":false,"canConsumeAppPass":true},"isAppComponentLibrary":false,"appType":"ClassicCanvasApp","appComponents":[]}}