{"schemaVersion":"1.0","appDefinitionTemplate":{"id":"/providers/Microsoft.PowerApps/apps/","type":"Microsoft.PowerApps/apps","tags":{"minimumRequiredApiVersion":"2.2.0"},"properties":{"appVersion":"2017-12-06T01:24:11Z","lifeCycleId":"Published","createdByClientVersion":{"major":2,"minor":0,"build":722,"revision":0,"majorRevision":0,"minorRevision":0},"minClientVersion":{"major":2,"minor":0,"build":722,"revision":0,"majorRevision":0,"minorRevision":0},"backgroundColor":"rgba(0, 138, 0, 1)","backgroundImageUri":"/2349505094146475347/N3af76e0e-af7d-46c2-9718-501123654ba1-logoSmallFile","displayName":"Secret Santa","description":"Create a list of participants and randomly draw for secret santa","appUris":{"documentUri":{"value":"/2349505094146475347/Nb28f1358-4270-469e-bc75-1cdcbdc23ee6-document.msapp","readonlyValue":"/2349505094146475347/Nb28f1358-4270-469e-bc75-1cdcbdc23ee6-document.msapp"},"imageUris":[]},"createdTime":"0001-01-01T00:00:00Z","lastModifiedTime":"0001-01-01T00:00:00Z","sharedGroupsCount":0,"sharedUsersCount":0,"icons":{"smallIconUri":"/2349505094146475347/N0f43906f-7a70-424e-9f53-3617a24fc9d4-small.png","mediumIconUri":"/2349505094146475347/Nb1d81f12-4b5d-447b-ae7b-8947e7fccaa3-medium.png","largeIconUri":"/2349505094146475347/N3f2c621a-1402-4d7e-a4b1-069219ac9aee-large.png","wideIconUri":"/2349505094146475347/Nd1a7d817-141f-4e02-a106-9ced6838814f-wide.png"},"connectionReferences":{"e5f20ddf-1d6c-586b-a729-1157ce41015b":{"id":"b1053451-0d3e-496f-b6a1-914978413c11","displayName":"Excel","iconUri":"https://az818438.vo.msecnd.net/icons/excel.png","dataSources":["Table4"],"dependencies":["65658cb6-4f26-c3d6-ee05-cf46df17a0af"],"dependents":[],"parameterHints":{"65658cb6-4f26-c3d6-ee05-cf46df17a0af":{"value":"fileSource"}},"isOnPremiseConnection":false,"bypassConsent":false,"dataSets":{"9096D3E6ACD33672!20342":{"dataSources":{"Table4":{"tableName":"Table4"}}}},"apiTier":"Standard"},"65658cb6-4f26-c3d6-ee05-cf46df17a0af":{"id":"d4d1d29b-2e5c-4c05-9099-83d353a825cb","displayName":"OneDrive","iconUri":"https://az818438.vo.msecnd.net/icons/onedrive.png","dataSources":[],"dependencies":[],"dependents":["e5f20ddf-1d6c-586b-a729-1157ce41015b"],"parameterHints":{},"isOnPremiseConnection":false,"bypassConsent":false,"dataSets":{},"apiTier":"Standard"}},"entityReferences":{}}}}