{"name":"b997826a-b150-47a1-8088-4d5e65af14f3","id":"/providers/Microsoft.Flow/flows/b997826a-b150-47a1-8088-4d5e65af14f3","type":"Microsoft.Flow/flows","properties":{"apiId":"/providers/Microsoft.PowerApps/apis/shared_logicflows","displayName":"GetNutritionInfo","definition":{"metadata":{"workflowEntityId":null,"creator":{"id":"902d4e3c-1184-4f3f-bae7-7fae94b33419","type":"User","tenantId":"1bfe8a0b-4429-450d-90d0-0ad3fe8c5a18"},"provisioningMethod":"FromDefinition","failureAlertSubscription":true,"clientLastModifiedTime":"2018-10-25T22:57:25.839654Z"},"$schema":"https://schema.management.azure.com/providers/Microsoft.Logic/schemas/2016-06-01/workflowdefinition.json#","contentVersion":"1.0.0.0","parameters":{"$authentication":{"defaultValue":{},"type":"SecureObject"}},"triggers":{"manual":{"type":"Request","kind":"PowerApp","inputs":{"schema":{"type":"object","required":["HTTP_URI"],"properties":{"HTTP_URI":{"type":"string","format":"uri","description":"Enter request URL. This parameter is used as part of \"uri\"","x-ms-powerflows-param-ispartial":true}}}}}},"actions":{"HTTP":{"runAfter":{"Initialize_Item":["Succeeded"]},"type":"Http","inputs":{"method":"GET","uri":"https://trackapi.nutritionix.com/v2/search/item?upc=@{triggerBody()['HTTP_URI']}","headers":{"x-app-id":"06454f5f","x-app-key":"21e61a9c453a65034eedc5ff0d22c264"}}},"Parse_JSON":{"runAfter":{"HTTP":["Succeeded"]},"type":"ParseJson","inputs":{"content":"@body('HTTP')","schema":{"type":"object","properties":{"foods":{"type":"array","items":{"type":"object","properties":{"food_name":{"type":"string"},"brand_name":{"type":"string"},"serving_qty":{"type":"number"},"serving_unit":{"type":"string"},"nf_calories":{"type":"number"},"nf_total_fat":{"type":"number"},"nf_saturated_fat":{"type":"number"},"nf_cholesterol":{"type":["number","null"]},"nf_sodium":{"type":["number","null"]},"nf_total_carbohydrate":{"type":["number","null"]},"nf_dietary_fiber":{"type":"number"},"nf_sugars":{"type":["number","null"]},"nf_protein":{"type":["number","null"]},"nf_potassium":{},"nf_p":{},"full_nutrients":{"type":"array","items":{"type":"object","properties":{"attr_id":{"type":"number"},"value":{"type":"number"}},"required":["attr_id","value"]}},"nix_brand_name":{"type":"string"},"nix_brand_id":{"type":"string"},"nix_item_name":{"type":"string"},"nix_item_id":{"type":"string"},"metadata":{"type":"object","properties":{}},"source":{"type":"number"},"ndb_no":{},"tags":{},"alt_measures":{},"photo":{"type":"object","properties":{"thumb":{"type":"string"},"highres":{},"is_user_uploaded":{"type":"boolean"}}},"updated_at":{"type":"string"},"nf_ingredient_statement":{}},"required":["food_name","brand_name","serving_qty","serving_unit","serving_weight_grams","nf_calories","nf_total_fat","nf_saturated_fat","nf_cholesterol","nf_sodium","nf_total_carbohydrate","nf_dietary_fiber","nf_sugars","nf_protein","nf_potassium","nf_p","full_nutrients","nix_brand_name","nix_brand_id","nix_item_name","nix_item_id","metadata","source","ndb_no","tags","alt_measures","photo","updated_at","nf_ingredient_statement"]}}}}}},"Apply_to_each":{"foreach":"@body('Parse_JSON')?['foods']","actions":{"Set_Calories":{"runAfter":{},"type":"SetVariable","inputs":{"name":"Calories","value":"@{items('Apply_to_each')?['nf_calories']}"}},"Set_Carbs":{"runAfter":{"Set_Calories":["Succeeded"]},"type":"SetVariable","inputs":{"name":"Carbs","value":"@{items('Apply_to_each')?['nf_total_carbohydrate']}"}},"Set_Sugar":{"runAfter":{"Set_Carbs":["Succeeded"]},"type":"SetVariable","inputs":{"name":"Sugar","value":"@{items('Apply_to_each')?['nf_sugars']}"}},"Set_Image":{"runAfter":{"Set_Sugar":["Succeeded"]},"type":"SetVariable","inputs":{"name":"Image","value":"@items('Apply_to_each')?['photo']?['thumb']"}},"Set_Name":{"runAfter":{"Set_Image":["Succeeded"]},"type":"SetVariable","inputs":{"name":"ItemName","value":"@items('Apply_to_each')?['food_name']"}}},"runAfter":{"Parse_JSON":["Succeeded"]},"type":"Foreach"},"Respond_to_PowerApps":{"runAfter":{"Apply_to_each":["Succeeded"]},"type":"Response","kind":"PowerApp","inputs":{"statusCode":200,"body":{"calories":"@variables('Calories')","carbs":"@variables('Carbs')","sugar":"@variables('Sugar')","image":"@variables('Image')","name":"@variables('ItemName')"},"schema":{"type":"object","properties":{"calories":{"title":"Calories","type":"string","x-ms-dynamically-added":true},"carbs":{"title":"Carbs","type":"string","x-ms-dynamically-added":true},"sugar":{"title":"Sugar","type":"string","x-ms-dynamically-added":true},"image":{"title":"Image","type":"string","x-ms-dynamically-added":true},"name":{"title":"Name","type":"string","x-ms-dynamically-added":true}}}}},"Initialize_Calories":{"runAfter":{},"type":"InitializeVariable","inputs":{"variables":[{"name":"Calories","type":"String"}]}},"Initialize_Sugar":{"runAfter":{"Initialize_Calories":["Succeeded"]},"type":"InitializeVariable","inputs":{"variables":[{"name":"Sugar","type":"String"}]}},"Initialize_Carbs":{"runAfter":{"Initialize_Sugar":["Succeeded"]},"type":"InitializeVariable","inputs":{"variables":[{"name":"Carbs","type":"String"}]}},"Initialize_Image":{"runAfter":{"Initialize_Carbs":["Succeeded"]},"type":"InitializeVariable","inputs":{"variables":[{"name":"Image","type":"String"}]}},"Initialize_Item":{"runAfter":{"Initialize_Image":["Succeeded"]},"type":"InitializeVariable","inputs":{"variables":[{"name":"ItemName","type":"String"}]}}},"outputs":{}},"connectionReferences":{},"flowFailureAlertSubscribed":false}}