{"schemaVersion":"1.0","appDefinitionTemplate":{"id":"/providers/Microsoft.PowerApps/apps/","type":"Microsoft.PowerApps/apps","tags":{"minimumRequiredApiVersion":"2.2.0"},"properties":{"appVersion":"2019-06-09T04:06:37Z","lifeCycleId":"Published","createdByClientVersion":{"major":3,"minor":19054,"build":15,"revision":0,"majorRevision":0,"minorRevision":0},"minClientVersion":{"major":3,"minor":19054,"build":15,"revision":0,"majorRevision":0,"minorRevision":0},"backgroundColor":"rgba(0, 176, 240, 1)","backgroundImageUri":"/802059510636231526/N8975714d-cb01-405f-8c2e-89f67c2b2266-logoSmallFile","displayName":"SVGs","description":"","appUris":{"documentUri":{"value":"/802059510636231526/Ne107e33a-c058-4ce1-85d9-fe8ae5e6f858-document.msapp","readonlyValue":"/802059510636231526/Ne107e33a-c058-4ce1-85d9-fe8ae5e6f858-document.msapp"},"imageUris":[]},"createdTime":"0001-01-01T00:00:00Z","lastModifiedTime":"0001-01-01T00:00:00Z","sharedGroupsCount":0,"sharedUsersCount":0,"icons":{"smallIconUri":"/802059510636231526/N0597cf83-db5f-4cc9-b087-1b4aabd81fe6-small.png","mediumIconUri":"/802059510636231526/N0be2d37d-d0ac-491e-96e1-2570e001a4d4-medium.png","largeIconUri":"/802059510636231526/Nf3f4c8ba-b750-416b-b7b2-35eec93ecc6a-large.png","wideIconUri":"/802059510636231526/N1d3c723f-1388-4e57-a947-964e61c73bf9-wide.png"},"connectionReferences":{},"almMode":"Environment"}}}