{"schemaVersion":"1.0","appDefinitionTemplate":{"id":"/providers/Microsoft.PowerApps/apps/","type":"Microsoft.PowerApps/apps","tags":{"minimumRequiredApiVersion":"2.2.0"},"properties":{"appVersion":"2018-08-25T02:57:13Z","lifeCycleId":"Published","createdByClientVersion":{"major":3,"minor":18082,"build":42,"revision":0,"majorRevision":0,"minorRevision":0},"minClientVersion":{"major":3,"minor":18082,"build":42,"revision":0,"majorRevision":0,"minorRevision":0},"backgroundColor":"rgba(0, 138, 0, 1)","backgroundImageUri":"/15020169621118363546/N08af83a4-765a-4e0d-8f93-625b3d96084e-logoSmallFile","displayName":"LawnBuddy","description":"","appUris":{"documentUri":{"value":"/15020169621118363546/N58bf00e2-cf8e-40e3-ae10-8c1d63a901a8-document.msapp","readonlyValue":"/15020169621118363546/N58bf00e2-cf8e-40e3-ae10-8c1d63a901a8-document.msapp"},"imageUris":[]},"createdTime":"0001-01-01T00:00:00Z","lastModifiedTime":"0001-01-01T00:00:00Z","sharedGroupsCount":0,"sharedUsersCount":0,"icons":{"smallIconUri":"/15020169621118363546/Nd3b9ddbe-026e-4f6c-8ae7-492f0668838e-small.png","mediumIconUri":"/15020169621118363546/N38ab6f43-1522-4d8e-af7c-f46b20da08be-medium.png","largeIconUri":"/15020169621118363546/Ncdbd7882-951a-44be-9ed7-6d0e36e3811d-large.png","wideIconUri":"/15020169621118363546/Nded30bb2-80e7-4c75-a26c-2c9fb1602116-wide.png"},"connectionReferences":{"5feff2cf-8433-47ae-890f-56fd9054d3c8":{"id":"8f521314-3c51-4cb0-b31f-50a7a85fb044","displayName":"MSN Weather","iconUri":"https://az818438.vo.msecnd.net/officialicons/msnweather/icon_1.0.970.1155_6776d8f8-013e-44bb-81b6-176247d667a8.png","dataSources":["MSNWeather"],"dependencies":[],"dependents":[],"parameterHints":{},"isOnPremiseConnection":false,"bypassConsent":false,"dataSets":{},"apiTier":"Standard"},"8321f3e4-4792-46b6-b145-e49318f039b6":{"id":"c9433507-e0a9-4ec3-9840-1dffe871d960","displayName":"SharePoint","iconUri":"https://connectoricons-prod.azureedge.net/sharepointonline/icon_1.0.1019.1195.png","dataSources":["LawnBuddy_1"],"dependencies":[],"dependents":[],"parameterHints":{},"isOnPremiseConnection":false,"bypassConsent":false,"dataSets":{"https://activeinetservices.sharepoint.com/sites/PowerAppsDemos":{"dataSources":{"LawnBuddy_1":{"tableName":"b6d7de0e-fc25-436c-b4fa-6f1c300abb18"}}}},"apiTier":"Standard"}}}}}